path,git_state,artifact_class,slice_id,ownership,dependency,disposition,verification
.env.example, M,unknown_preserved_concurrent_artifact,LIVE-UNCLASSIFIED,unknown_preserved_concurrent,current_checkout_and_repo_instructions,preserve_pending_semantic_classification,git_status_presence_only;not_product_or_release_proof
.github/workflows/ci.yml, M,unknown_preserved_concurrent_artifact,LIVE-UNCLASSIFIED,unknown_preserved_concurrent,current_checkout_and_repo_instructions,preserve_pending_semantic_classification,git_status_presence_only;not_product_or_release_proof
.gitignore, M,unknown_preserved_concurrent_artifact,LIVE-UNCLASSIFIED,unknown_preserved_concurrent,current_checkout_and_repo_instructions,preserve_pending_semantic_classification,git_status_presence_only;not_product_or_release_proof
Dockerfile, M,unknown_preserved_concurrent_artifact,LIVE-UNCLASSIFIED,unknown_preserved_concurrent,current_checkout_and_repo_instructions,preserve_pending_semantic_classification,git_status_presence_only;not_product_or_release_proof
Dockerfile.frontend,??,unknown_preserved_concurrent_artifact,LIVE-UNCLASSIFIED,unknown_preserved_concurrent,current_checkout_and_repo_instructions,preserve_pending_semantic_classification,git_status_presence_only;not_product_or_release_proof
Dockerfile.spine_api,??,unknown_preserved_concurrent_artifact,LIVE-UNCLASSIFIED,unknown_preserved_concurrent,current_checkout_and_repo_instructions,preserve_pending_semantic_classification,git_status_presence_only;not_product_or_release_proof
Docs/INDEX.md, M,unknown_preserved_concurrent_artifact,LIVE-UNCLASSIFIED,unknown_preserved_concurrent,current_checkout_and_repo_instructions,preserve_pending_semantic_classification,git_status_presence_only;not_product_or_release_proof
Docs/LAUNCH_STATUS.md,??,unknown_preserved_concurrent_artifact,LIVE-UNCLASSIFIED,unknown_preserved_concurrent,current_checkout_and_repo_instructions,preserve_pending_semantic_classification,git_status_presence_only;not_product_or_release_proof
Docs/TPM_TRAINING_BLUEPRINT_PRODUCT_MAPPING_2026-09-01.md,??,unknown_preserved_concurrent_artifact,LIVE-UNCLASSIFIED,unknown_preserved_concurrent,current_checkout_and_repo_instructions,preserve_pending_semantic_classification,git_status_presence_only;not_product_or_release_proof
Docs/architecture/ADVANCED_INTERNAL_SYSTEMS_AND_COMPILERS_2026-09-03.md,??,unknown_preserved_concurrent_artifact,LIVE-UNCLASSIFIED,unknown_preserved_concurrent,current_checkout_and_repo_instructions,preserve_pending_semantic_classification,git_status_presence_only;not_product_or_release_proof
Docs/architecture/CODEBASE_FEATURES_FLOWS_LOOPS_MAP_2026-09-03.md,??,unknown_preserved_concurrent_artifact,LIVE-UNCLASSIFIED,unknown_preserved_concurrent,current_checkout_and_repo_instructions,preserve_pending_semantic_classification,git_status_presence_only;not_product_or_release_proof
Docs/architecture/SELF_CONTAINED_INTERNAL_ENGINES_HARDENING_2026-09-02.md,??,unknown_preserved_concurrent_artifact,LIVE-UNCLASSIFIED,unknown_preserved_concurrent,current_checkout_and_repo_instructions,preserve_pending_semantic_classification,git_status_presence_only;not_product_or_release_proof
Docs/architecture/adr/ADR-007-PRODUCT-B-SCOPED-ANALYTICS_2026-09-03.md,??,unknown_preserved_concurrent_artifact,LIVE-UNCLASSIFIED,unknown_preserved_concurrent,current_checkout_and_repo_instructions,preserve_pending_semantic_classification,git_status_presence_only;not_product_or_release_proof
Docs/context/AGENT_INTELLIGENCE_GRAPH.md, M,unknown_preserved_concurrent_artifact,LIVE-UNCLASSIFIED,unknown_preserved_concurrent,current_checkout_and_repo_instructions,preserve_pending_semantic_classification,git_status_presence_only;not_product_or_release_proof
Docs/context/agent_intelligence_graph.json, M,unknown_preserved_concurrent_artifact,LIVE-UNCLASSIFIED,unknown_preserved_concurrent,current_checkout_and_repo_instructions,preserve_pending_semantic_classification,git_status_presence_only;not_product_or_release_proof
Docs/exploration/AGENTIC_DEEP_AUDIT_SYNTHESIS_2026-08-31.md, M,unknown_preserved_concurrent_artifact,LIVE-UNCLASSIFIED,unknown_preserved_concurrent,current_checkout_and_repo_instructions,preserve_pending_semantic_classification,git_status_presence_only;not_product_or_release_proof
Docs/exploration/C02_WIRE_OR_ARCHIVE_DOSSIERS_2026-09-02.md,??,unknown_preserved_concurrent_artifact,LIVE-UNCLASSIFIED,unknown_preserved_concurrent,current_checkout_and_repo_instructions,preserve_pending_semantic_classification,git_status_presence_only;not_product_or_release_proof
Docs/exploration/C03_ROUTER_DESIGN_2026-09-02.md,??,unknown_preserved_concurrent_artifact,LIVE-UNCLASSIFIED,unknown_preserved_concurrent,current_checkout_and_repo_instructions,preserve_pending_semantic_classification,git_status_presence_only;not_product_or_release_proof
Docs/exploration/C04_SLM_BENCHMARK_PROTOCOL_2026-09-02.md,??,unknown_preserved_concurrent_artifact,LIVE-UNCLASSIFIED,unknown_preserved_concurrent,current_checkout_and_repo_instructions,preserve_pending_semantic_classification,git_status_presence_only;not_product_or_release_proof
Docs/exploration/CROSS_TENANT_ISOLATION_AND_SECURITY_HARNESS_2026-09-03.md,??,unknown_preserved_concurrent_artifact,LIVE-UNCLASSIFIED,unknown_preserved_concurrent,current_checkout_and_repo_instructions,preserve_pending_semantic_classification,git_status_presence_only;not_product_or_release_proof
Docs/exploration/DYNAMIC_MODEL_ROUTING_AND_SLM_EXPEDITION_2026-09-03.md,??,unknown_preserved_concurrent_artifact,LIVE-UNCLASSIFIED,unknown_preserved_concurrent,current_checkout_and_repo_instructions,preserve_pending_semantic_classification,git_status_presence_only;not_product_or_release_proof
Docs/exploration/E11_ADVERSARIAL_CORPUS_DESIGN_2026-09-02.md,??,unknown_preserved_concurrent_artifact,LIVE-UNCLASSIFIED,unknown_preserved_concurrent,current_checkout_and_repo_instructions,preserve_pending_semantic_classification,git_status_presence_only;not_product_or_release_proof
Docs/exploration/EVAL_EVOLUTION_DESIGN_E06_E07_E10_2026-09-02.md,??,unknown_preserved_concurrent_artifact,LIVE-UNCLASSIFIED,unknown_preserved_concurrent,current_checkout_and_repo_instructions,preserve_pending_semantic_classification,git_status_presence_only;not_product_or_release_proof
Docs/exploration/GEMINI_WAVE_MODULE_AUDIT_2026-09-01.md,??,unknown_preserved_concurrent_artifact,LIVE-UNCLASSIFIED,unknown_preserved_concurrent,current_checkout_and_repo_instructions,preserve_pending_semantic_classification,git_status_presence_only;not_product_or_release_proof
Docs/exploration/LIVE_CONNECTIVITY_ALTERNATIVES_FREE_TIERS_AND_AI_SCRAPERS_2026-09-02.md,??,unknown_preserved_concurrent_artifact,LIVE-UNCLASSIFIED,unknown_preserved_concurrent,current_checkout_and_repo_instructions,preserve_pending_semantic_classification,git_status_presence_only;not_product_or_release_proof
Docs/exploration/MASTER_FINDINGS_TASKS_INVENTORY_2026-09-02.md,??,unknown_preserved_concurrent_artifact,LIVE-UNCLASSIFIED,unknown_preserved_concurrent,current_checkout_and_repo_instructions,preserve_pending_semantic_classification,git_status_presence_only;not_product_or_release_proof
Docs/exploration/MISC_PROBES_N06_N09_D04_F05_2026-09-02.md,??,unknown_preserved_concurrent_artifact,LIVE-UNCLASSIFIED,unknown_preserved_concurrent,current_checkout_and_repo_instructions,preserve_pending_semantic_classification,git_status_presence_only;not_product_or_release_proof
Docs/exploration/N01_SCENARIO_TRIAGE_2026-09-02.md,??,unknown_preserved_concurrent_artifact,LIVE-UNCLASSIFIED,unknown_preserved_concurrent,current_checkout_and_repo_instructions,preserve_pending_semantic_classification,git_status_presence_only;not_product_or_release_proof
Docs/exploration/RAG_VECTOR_AND_LEXICAL_RETRIEVAL_ARCHITECTURE_2026-09-03.md,??,unknown_preserved_concurrent_artifact,LIVE-UNCLASSIFIED,unknown_preserved_concurrent,current_checkout_and_repo_instructions,preserve_pending_semantic_classification,git_status_presence_only;not_product_or_release_proof
Docs/exploration/ROUTE_FEASIBILITY_AND_GEOSPATIAL_AVIATION_PIPELINE_2026-09-02.md,??,unknown_preserved_concurrent_artifact,LIVE-UNCLASSIFIED,unknown_preserved_concurrent,current_checkout_and_repo_instructions,preserve_pending_semantic_classification,git_status_presence_only;not_product_or_release_proof
Docs/exploration/SIM_VS_REALITY_RECONCILIATION_2026-09-01.md,??,unknown_preserved_concurrent_artifact,LIVE-UNCLASSIFIED,unknown_preserved_concurrent,current_checkout_and_repo_instructions,preserve_pending_semantic_classification,git_status_presence_only;not_product_or_release_proof
Docs/personas/PERSONA_AGENCY_OWNER_ELENA.md,??,unknown_preserved_concurrent_artifact,LIVE-UNCLASSIFIED,unknown_preserved_concurrent,current_checkout_and_repo_instructions,preserve_pending_semantic_classification,git_status_presence_only;not_product_or_release_proof
Docs/personas/PERSONA_CORPORATE_TRAVEL_MANAGER_RACHEL.md,??,unknown_preserved_concurrent_artifact,LIVE-UNCLASSIFIED,unknown_preserved_concurrent,current_checkout_and_repo_instructions,preserve_pending_semantic_classification,git_status_presence_only;not_product_or_release_proof
Docs/personas/PERSONA_CRISIS_EVACUATION_DEVLIN.md,??,unknown_preserved_concurrent_artifact,LIVE-UNCLASSIFIED,unknown_preserved_concurrent,current_checkout_and_repo_instructions,preserve_pending_semantic_classification,git_status_presence_only;not_product_or_release_proof
Docs/personas/PERSONA_DISTRIBUTION_ENGINEER_KLAUS.md,??,unknown_preserved_concurrent_artifact,LIVE-UNCLASSIFIED,unknown_preserved_concurrent,current_checkout_and_repo_instructions,preserve_pending_semantic_classification,git_status_presence_only;not_product_or_release_proof
Docs/personas/PERSONA_DMC_CONTRACTING_LARS.md,??,unknown_preserved_concurrent_artifact,LIVE-UNCLASSIFIED,unknown_preserved_concurrent,current_checkout_and_repo_instructions,preserve_pending_semantic_classification,git_status_presence_only;not_product_or_release_proof
Docs/personas/PERSONA_GDS_NDC_ARCHITECT_FIONA.md,??,unknown_preserved_concurrent_artifact,LIVE-UNCLASSIFIED,unknown_preserved_concurrent,current_checkout_and_repo_instructions,preserve_pending_semantic_classification,git_status_presence_only;not_product_or_release_proof
Docs/personas/PERSONA_GROUP_MICE_SPECIALIST_CHLOE.md,??,unknown_preserved_concurrent_artifact,LIVE-UNCLASSIFIED,unknown_preserved_concurrent,current_checkout_and_repo_instructions,preserve_pending_semantic_classification,git_status_presence_only;not_product_or_release_proof
Docs/personas/PERSONA_LEGAL_COMPLIANCE_CLARA.md,??,unknown_preserved_concurrent_artifact,LIVE-UNCLASSIFIED,unknown_preserved_concurrent,current_checkout_and_repo_instructions,preserve_pending_semantic_classification,git_status_presence_only;not_product_or_release_proof
Docs/personas/PERSONA_PLATFORM_RELIABILITY_SIDDHARTH.md,??,unknown_preserved_concurrent_artifact,LIVE-UNCLASSIFIED,unknown_preserved_concurrent,current_checkout_and_repo_instructions,preserve_pending_semantic_classification,git_status_presence_only;not_product_or_release_proof
Docs/personas/PERSONA_PRIVATE_AVIATION_BROKER_ALEXANDER.md,??,unknown_preserved_concurrent_artifact,LIVE-UNCLASSIFIED,unknown_preserved_concurrent,current_checkout_and_repo_instructions,preserve_pending_semantic_classification,git_status_presence_only;not_product_or_release_proof
Docs/personas/PERSONA_REVENUE_ARBITRAGE_MATEO.md,??,unknown_preserved_concurrent_artifact,LIVE-UNCLASSIFIED,unknown_preserved_concurrent,current_checkout_and_repo_instructions,preserve_pending_semantic_classification,git_status_presence_only;not_product_or_release_proof
Docs/personas/PERSONA_VISA_EXPEDITION_CONCIERGE_TARIQ.md,??,unknown_preserved_concurrent_artifact,LIVE-UNCLASSIFIED,unknown_preserved_concurrent,current_checkout_and_repo_instructions,preserve_pending_semantic_classification,git_status_presence_only;not_product_or_release_proof
Docs/personas_scenarios/CASE_STUDY_SIMULATION_AGENCY_OWNER_ELENA_2026-09-01.md,??,unknown_preserved_concurrent_artifact,LIVE-UNCLASSIFIED,unknown_preserved_concurrent,current_checkout_and_repo_instructions,preserve_pending_semantic_classification,git_status_presence_only;not_product_or_release_proof
Docs/personas_scenarios/CASE_STUDY_SIMULATION_CORPORATE_EA_RACHEL_2026-09-01.md,??,unknown_preserved_concurrent_artifact,LIVE-UNCLASSIFIED,unknown_preserved_concurrent,current_checkout_and_repo_instructions,preserve_pending_semantic_classification,git_status_presence_only;not_product_or_release_proof
Docs/personas_scenarios/CASE_STUDY_SIMULATION_CRISIS_EVACUATION_DEVLIN_2026-09-01.md,??,unknown_preserved_concurrent_artifact,LIVE-UNCLASSIFIED,unknown_preserved_concurrent,current_checkout_and_repo_instructions,preserve_pending_semantic_classification,git_status_presence_only;not_product_or_release_proof
Docs/personas_scenarios/CASE_STUDY_SIMULATION_DUAL_GDS_FIONA_2026-09-01.md,??,unknown_preserved_concurrent_artifact,LIVE-UNCLASSIFIED,unknown_preserved_concurrent,current_checkout_and_repo_instructions,preserve_pending_semantic_classification,git_status_presence_only;not_product_or_release_proof
Docs/personas_scenarios/CASE_STUDY_SIMULATION_EPISTEMIC_AUDIT_CLARA_2026-09-01.md,??,unknown_preserved_concurrent_artifact,LIVE-UNCLASSIFIED,unknown_preserved_concurrent,current_checkout_and_repo_instructions,preserve_pending_semantic_classification,git_status_presence_only;not_product_or_release_proof
Docs/personas_scenarios/CASE_STUDY_SIMULATION_GROUP_MICE_CHLOE_2026-09-01.md,??,unknown_preserved_concurrent_artifact,LIVE-UNCLASSIFIED,unknown_preserved_concurrent,current_checkout_and_repo_instructions,preserve_pending_semantic_classification,git_status_presence_only;not_product_or_release_proof
Docs/personas_scenarios/CASE_STUDY_SIMULATION_HAPHAZARD_LAST_MINUTE_INTAKE_2026-09-01.md,??,unknown_preserved_concurrent_artifact,LIVE-UNCLASSIFIED,unknown_preserved_concurrent,current_checkout_and_repo_instructions,preserve_pending_semantic_classification,git_status_presence_only;not_product_or_release_proof
Docs/personas_scenarios/CASE_STUDY_SIMULATION_LOAD_BENCHMARK_SIDDHARTH_2026-09-01.md,??,unknown_preserved_concurrent_artifact,LIVE-UNCLASSIFIED,unknown_preserved_concurrent,current_checkout_and_repo_instructions,preserve_pending_semantic_classification,git_status_presence_only;not_product_or_release_proof
Docs/personas_scenarios/CASE_STUDY_SIMULATION_NDC_DISTRIBUTION_KLAUS_2026-09-01.md,??,unknown_preserved_concurrent_artifact,LIVE-UNCLASSIFIED,unknown_preserved_concurrent,current_checkout_and_repo_instructions,preserve_pending_semantic_classification,git_status_presence_only;not_product_or_release_proof
Docs/personas_scenarios/CASE_STUDY_SIMULATION_PRIVATE_AVIATION_ALEXANDER_2026-09-01.md,??,unknown_preserved_concurrent_artifact,LIVE-UNCLASSIFIED,unknown_preserved_concurrent,current_checkout_and_repo_instructions,preserve_pending_semantic_classification,git_status_presence_only;not_product_or_release_proof
Docs/personas_scenarios/CASE_STUDY_SIMULATION_RATE_PARITY_MATEO_2026-09-01.md,??,unknown_preserved_concurrent_artifact,LIVE-UNCLASSIFIED,unknown_preserved_concurrent,current_checkout_and_repo_instructions,preserve_pending_semantic_classification,git_status_presence_only;not_product_or_release_proof
Docs/personas_scenarios/CASE_STUDY_SIMULATION_SUPPLIER_BARGAINING_LARS_2026-09-01.md,??,unknown_preserved_concurrent_artifact,LIVE-UNCLASSIFIED,unknown_preserved_concurrent,current_checkout_and_repo_instructions,preserve_pending_semantic_classification,git_status_presence_only;not_product_or_release_proof
Docs/personas_scenarios/CASE_STUDY_SIMULATION_TRAVELER_COMPANION_PWA_2026-09-01.md,??,unknown_preserved_concurrent_artifact,LIVE-UNCLASSIFIED,unknown_preserved_concurrent,current_checkout_and_repo_instructions,preserve_pending_semantic_classification,git_status_presence_only;not_product_or_release_proof
Docs/personas_scenarios/CASE_STUDY_SIMULATION_VISA_EXPEDITION_TARIQ_2026-09-01.md,??,unknown_preserved_concurrent_artifact,LIVE-UNCLASSIFIED,unknown_preserved_concurrent,current_checkout_and_repo_instructions,preserve_pending_semantic_classification,git_status_presence_only;not_product_or_release_proof
Docs/personas_scenarios/MASTER_PRODUCT_DEMO_SIMULATION_CHRONICLE_2026-09-01.md, M,unknown_preserved_concurrent_artifact,LIVE-UNCLASSIFIED,unknown_preserved_concurrent,current_checkout_and_repo_instructions,preserve_pending_semantic_classification,git_status_presence_only;not_product_or_release_proof
Docs/personas_scenarios/README.md, M,unknown_preserved_concurrent_artifact,LIVE-UNCLASSIFIED,unknown_preserved_concurrent,current_checkout_and_repo_instructions,preserve_pending_semantic_classification,git_status_presence_only;not_product_or_release_proof
Docs/research/FRONTIER_1_PRIVATE_AVIATION_AND_EMPTY_LEG_ARBITRAGE_2026-09-01.md,??,unknown_preserved_concurrent_artifact,LIVE-UNCLASSIFIED,unknown_preserved_concurrent,current_checkout_and_repo_instructions,preserve_pending_semantic_classification,git_status_presence_only;not_product_or_release_proof
Docs/research/FRONTIER_2_MULTI_SUPPLIER_RATE_PARITY_AND_RETICKETING_2026-09-01.md,??,unknown_preserved_concurrent_artifact,LIVE-UNCLASSIFIED,unknown_preserved_concurrent,current_checkout_and_repo_instructions,preserve_pending_semantic_classification,git_status_presence_only;not_product_or_release_proof
Docs/research/FRONTIER_3_VOICE_AI_AND_AIRLINE_IVR_BYPASS_BOT_2026-09-01.md,??,unknown_preserved_concurrent_artifact,LIVE-UNCLASSIFIED,unknown_preserved_concurrent,current_checkout_and_repo_instructions,preserve_pending_semantic_classification,git_status_presence_only;not_product_or_release_proof
Docs/research/HORIZON_1_AUTONOMOUS_PROPOSAL_COMPILER_2026-09-01.md,??,unknown_preserved_concurrent_artifact,LIVE-UNCLASSIFIED,unknown_preserved_concurrent,current_checkout_and_repo_instructions,preserve_pending_semantic_classification,git_status_presence_only;not_product_or_release_proof
Docs/research/HORIZON_2_IROPS_AUTO_HEALER_SIMULATOR_2026-09-01.md,??,unknown_preserved_concurrent_artifact,LIVE-UNCLASSIFIED,unknown_preserved_concurrent,current_checkout_and_repo_instructions,preserve_pending_semantic_classification,git_status_presence_only;not_product_or_release_proof
Docs/research/HORIZON_3_ENTERPRISE_DUTY_OF_CARE_RADAR_2026-09-01.md,??,unknown_preserved_concurrent_artifact,LIVE-UNCLASSIFIED,unknown_preserved_concurrent,current_checkout_and_repo_instructions,preserve_pending_semantic_classification,git_status_presence_only;not_product_or_release_proof
Docs/research/MILESTONE_2_AUTONOMOUS_LOAD_AND_STRESS_BENCHMARK_2026-09-01.md,??,unknown_preserved_concurrent_artifact,LIVE-UNCLASSIFIED,unknown_preserved_concurrent,current_checkout_and_repo_instructions,preserve_pending_semantic_classification,git_status_presence_only;not_product_or_release_proof
Docs/research/MILESTONE_3_GDS_SANDBOX_ADAPTERS_2026-09-01.md,??,unknown_preserved_concurrent_artifact,LIVE-UNCLASSIFIED,unknown_preserved_concurrent,current_checkout_and_repo_instructions,preserve_pending_semantic_classification,git_status_presence_only;not_product_or_release_proof
Docs/research/PER_0922_EPISTEMIC_PROVENANCE_AND_CONFLICT_ARBITER_2026-09-01.md,??,unknown_preserved_concurrent_artifact,LIVE-UNCLASSIFIED,unknown_preserved_concurrent,current_checkout_and_repo_instructions,preserve_pending_semantic_classification,git_status_presence_only;not_product_or_release_proof
Docs/research/PER_DOC_ICAO_9303_MRZ_AND_VOUCHER_PARSER_2026-09-01.md,??,unknown_preserved_concurrent_artifact,LIVE-UNCLASSIFIED,unknown_preserved_concurrent,current_checkout_and_repo_instructions,preserve_pending_semantic_classification,git_status_presence_only;not_product_or_release_proof
Docs/research/PER_FIN_VIRTUAL_CARDS_AND_FINANCIAL_SETTLEMENT_2026-09-01.md,??,unknown_preserved_concurrent_artifact,LIVE-UNCLASSIFIED,unknown_preserved_concurrent,current_checkout_and_repo_instructions,preserve_pending_semantic_classification,git_status_presence_only;not_product_or_release_proof
Docs/research/PER_GRP_PARETO_CONSENSUS_AND_SPLIT_LEDGERS_2026-09-01.md,??,unknown_preserved_concurrent_artifact,LIVE-UNCLASSIFIED,unknown_preserved_concurrent,current_checkout_and_repo_instructions,preserve_pending_semantic_classification,git_status_presence_only;not_product_or_release_proof
Docs/review/A1_1_WORKTREE_CLASSIFICATION_CLOSURE_2026-09-01.md,??,unknown_preserved_concurrent_artifact,LIVE-UNCLASSIFIED,unknown_preserved_concurrent,current_checkout_and_repo_instructions,preserve_pending_semantic_classification,git_status_presence_only;not_product_or_release_proof
Docs/review/A1_1_WORKTREE_CLASSIFICATION_CLOSURE_2026-09-03.md,??,unknown_preserved_concurrent_artifact,LIVE-UNCLASSIFIED,unknown_preserved_concurrent,current_checkout_and_repo_instructions,preserve_pending_semantic_classification,git_status_presence_only;not_product_or_release_proof
Docs/review/DECISION_CORRECTNESS_X04_X05_X06_X13_2026-09-04.md,??,unknown_preserved_concurrent_artifact,LIVE-UNCLASSIFIED,unknown_preserved_concurrent,current_checkout_and_repo_instructions,preserve_pending_semantic_classification,git_status_presence_only;not_product_or_release_proof
Docs/review/DEPLOYMENT_LAUNCH_ENVELOPE_2026-09-03.md,??,unknown_preserved_concurrent_artifact,LIVE-UNCLASSIFIED,unknown_preserved_concurrent,current_checkout_and_repo_instructions,preserve_pending_semantic_classification,git_status_presence_only;not_product_or_release_proof
Docs/review/EVAL_GATES_E01_E05_2026-09-03.md,??,unknown_preserved_concurrent_artifact,LIVE-UNCLASSIFIED,unknown_preserved_concurrent,current_checkout_and_repo_instructions,preserve_pending_semantic_classification,git_status_presence_only;not_product_or_release_proof
Docs/review/EXECUTION_STATUS_2026-09-04.md,??,unknown_preserved_concurrent_artifact,LIVE-UNCLASSIFIED,unknown_preserved_concurrent,current_checkout_and_repo_instructions,preserve_pending_semantic_classification,git_status_presence_only;not_product_or_release_proof
Docs/review/EXTRACTION_SAFETY_X01_X08_2026-09-04.md,??,unknown_preserved_concurrent_artifact,LIVE-UNCLASSIFIED,unknown_preserved_concurrent,current_checkout_and_repo_instructions,preserve_pending_semantic_classification,git_status_presence_only;not_product_or_release_proof
Docs/review/FINDINGS_REGISTER_2026-08-31.md, M,unknown_preserved_concurrent_artifact,LIVE-UNCLASSIFIED,unknown_preserved_concurrent,current_checkout_and_repo_instructions,preserve_pending_semantic_classification,git_status_presence_only;not_product_or_release_proof
Docs/review/FINDINGS_TASKS_CONSOLIDATED_2026-08-30.md, M,unknown_preserved_concurrent_artifact,LIVE-UNCLASSIFIED,unknown_preserved_concurrent,current_checkout_and_repo_instructions,preserve_pending_semantic_classification,git_status_presence_only;not_product_or_release_proof
Docs/review/FRONTEND_LINT_WARNING_AUDIT_2026-09-04.md,??,unknown_preserved_concurrent_artifact,LIVE-UNCLASSIFIED,unknown_preserved_concurrent,current_checkout_and_repo_instructions,preserve_pending_semantic_classification,git_status_presence_only;not_product_or_release_proof
Docs/review/GEMINI_WAVE_FINDINGS_FOR_REVIEW_2026-09-02.md,??,unknown_preserved_concurrent_artifact,LIVE-UNCLASSIFIED,unknown_preserved_concurrent,current_checkout_and_repo_instructions,preserve_pending_semantic_classification,git_status_presence_only;not_product_or_release_proof
Docs/review/IDEMPOTENCY_FENCING_N06_X11_2026-09-04.md,??,unknown_preserved_concurrent_artifact,LIVE-UNCLASSIFIED,unknown_preserved_concurrent,current_checkout_and_repo_instructions,preserve_pending_semantic_classification,git_status_presence_only;not_product_or_release_proof
Docs/review/IMPLEMENTATION_PLAN_2026-08-31.md, M,unknown_preserved_concurrent_artifact,LIVE-UNCLASSIFIED,unknown_preserved_concurrent,current_checkout_and_repo_instructions,preserve_pending_semantic_classification,git_status_presence_only;not_product_or_release_proof
Docs/review/KNOWN_ISSUES_LEDGER_2026-09-04.md,??,unknown_preserved_concurrent_artifact,LIVE-UNCLASSIFIED,unknown_preserved_concurrent,current_checkout_and_repo_instructions,preserve_pending_semantic_classification,git_status_presence_only;not_product_or_release_proof
Docs/review/LAUNCH_IMPLEMENTATION_PLAN_2026-09-02.md,??,unknown_preserved_concurrent_artifact,LIVE-UNCLASSIFIED,unknown_preserved_concurrent,current_checkout_and_repo_instructions,preserve_pending_semantic_classification,git_status_presence_only;not_product_or_release_proof
Docs/review/LAUNCH_READINESS_AUDIT_PER0100_2026-09-02.md,??,unknown_preserved_concurrent_artifact,LIVE-UNCLASSIFIED,unknown_preserved_concurrent,current_checkout_and_repo_instructions,preserve_pending_semantic_classification,git_status_presence_only;not_product_or_release_proof
Docs/review/N04_YIELD_ARBITRAGE_CONTRACT_REPAIR_2026-09-04.md,??,unknown_preserved_concurrent_artifact,LIVE-UNCLASSIFIED,unknown_preserved_concurrent,current_checkout_and_repo_instructions,preserve_pending_semantic_classification,git_status_presence_only;not_product_or_release_proof
Docs/review/PRODUCT_CONTRACT_DECISIONS_D01_D03_2026-09-04.md,??,unknown_preserved_concurrent_artifact,LIVE-UNCLASSIFIED,unknown_preserved_concurrent,current_checkout_and_repo_instructions,preserve_pending_semantic_classification,git_status_presence_only;not_product_or_release_proof
Docs/review/PROPOSAL_RESOURCE_BINDING_N05_F03_2026-09-04.md,??,unknown_preserved_concurrent_artifact,LIVE-UNCLASSIFIED,unknown_preserved_concurrent,current_checkout_and_repo_instructions,preserve_pending_semantic_classification,git_status_presence_only;not_product_or_release_proof
Docs/review/PROPOSAL_TOKEN_SECURITY_ADDENDUM_2026-09-03.md,??,unknown_preserved_concurrent_artifact,LIVE-UNCLASSIFIED,unknown_preserved_concurrent,current_checkout_and_repo_instructions,preserve_pending_semantic_classification,git_status_presence_only;not_product_or_release_proof
Docs/review/RAG_RETRIEVAL_HONESTY_A02_R03_2026-09-04.md,??,unknown_preserved_concurrent_artifact,LIVE-UNCLASSIFIED,unknown_preserved_concurrent,current_checkout_and_repo_instructions,preserve_pending_semantic_classification,git_status_presence_only;not_product_or_release_proof
Docs/review/RANDOM_DOCUMENT_AUDIT_V4_PRODUCTB_KPI_2026-09-03.md,??,unknown_preserved_concurrent_artifact,LIVE-UNCLASSIFIED,unknown_preserved_concurrent,current_checkout_and_repo_instructions,preserve_pending_semantic_classification,git_status_presence_only;not_product_or_release_proof
Docs/review/S11_N07_LRB07_LOCAL_DURABILITY_2026-09-04.md,??,unknown_preserved_concurrent_artifact,LIVE-UNCLASSIFIED,unknown_preserved_concurrent,current_checkout_and_repo_instructions,preserve_pending_semantic_classification,git_status_presence_only;not_product_or_release_proof
Docs/review/S12_RLS_WRITE_PROBE_2026-09-04.md,??,unknown_preserved_concurrent_artifact,LIVE-UNCLASSIFIED,unknown_preserved_concurrent,current_checkout_and_repo_instructions,preserve_pending_semantic_classification,git_status_presence_only;not_product_or_release_proof
Docs/review/SECURITY_HONESTY_WAVE_HANDOFF_2026-09-02.md,??,unknown_preserved_concurrent_artifact,LIVE-UNCLASSIFIED,unknown_preserved_concurrent,current_checkout_and_repo_instructions,preserve_pending_semantic_classification,git_status_presence_only;not_product_or_release_proof
Docs/review/SPINE_AUDIT_NEW_FINDINGS_2026-09-02.md,??,unknown_preserved_concurrent_artifact,LIVE-UNCLASSIFIED,unknown_preserved_concurrent,current_checkout_and_repo_instructions,preserve_pending_semantic_classification,git_status_presence_only;not_product_or_release_proof
Docs/review/TPM_BLUEPRINT_TASKS_IMPLEMENTATION_HANDOFF_2026-09-01.md,??,unknown_preserved_concurrent_artifact,LIVE-UNCLASSIFIED,unknown_preserved_concurrent,current_checkout_and_repo_instructions,preserve_pending_semantic_classification,git_status_presence_only;not_product_or_release_proof
Docs/review/TPM_BLUEPRINT_TASKS_INVENTORY_2026-09-02.md,??,unknown_preserved_concurrent_artifact,LIVE-UNCLASSIFIED,unknown_preserved_concurrent,current_checkout_and_repo_instructions,preserve_pending_semantic_classification,git_status_presence_only;not_product_or_release_proof
Docs/review/YIELD_CONTRACT_N04_2026-09-04.md,??,unknown_preserved_concurrent_artifact,LIVE-UNCLASSIFIED,unknown_preserved_concurrent,current_checkout_and_repo_instructions,preserve_pending_semantic_classification,git_status_presence_only;not_product_or_release_proof
Docs/review/assets/a1_1_commit_2f9a638_classification.csv,??,unknown_preserved_concurrent_artifact,LIVE-UNCLASSIFIED,unknown_preserved_concurrent,current_checkout_and_repo_instructions,preserve_pending_semantic_classification,git_status_presence_only;not_product_or_release_proof
Docs/review/assets/a1_1_live_worktree_2026-09-01_classification.csv,??,unknown_preserved_concurrent_artifact,LIVE-UNCLASSIFIED,unknown_preserved_concurrent,current_checkout_and_repo_instructions,preserve_pending_semantic_classification,git_status_presence_only;not_product_or_release_proof
Docs/review/assets/a1_1_live_worktree_2026-09-03_classification.csv,??,unknown_preserved_concurrent_artifact,LIVE-UNCLASSIFIED,unknown_preserved_concurrent,current_checkout_and_repo_instructions,preserve_pending_semantic_classification,git_status_presence_only;not_product_or_release_proof
Docs/review/assets/a1_1_live_worktree_2026-09-04_classification.csv,??,unknown_preserved_concurrent_artifact,LIVE-UNCLASSIFIED,unknown_preserved_concurrent,current_checkout_and_repo_instructions,preserve_pending_semantic_classification,git_status_presence_only;not_product_or_release_proof
Docs/review/assets/alexander_01_private_aviation_arbitrage.png,??,unknown_preserved_concurrent_artifact,LIVE-UNCLASSIFIED,unknown_preserved_concurrent,current_checkout_and_repo_instructions,preserve_pending_semantic_classification,git_status_presence_only;not_product_or_release_proof
Docs/review/assets/chloe_01_group_consensus.png,??,unknown_preserved_concurrent_artifact,LIVE-UNCLASSIFIED,unknown_preserved_concurrent,current_checkout_and_repo_instructions,preserve_pending_semantic_classification,git_status_presence_only;not_product_or_release_proof
Docs/review/assets/chloe_02_split_payment_ledger.png,??,unknown_preserved_concurrent_artifact,LIVE-UNCLASSIFIED,unknown_preserved_concurrent,current_checkout_and_repo_instructions,preserve_pending_semantic_classification,git_status_presence_only;not_product_or_release_proof
Docs/review/assets/clara_01_epistemic_provenance_graph.png,??,unknown_preserved_concurrent_artifact,LIVE-UNCLASSIFIED,unknown_preserved_concurrent,current_checkout_and_repo_instructions,preserve_pending_semantic_classification,git_status_presence_only;not_product_or_release_proof
Docs/review/assets/clara_02_factual_audit_tokens.png,??,unknown_preserved_concurrent_artifact,LIVE-UNCLASSIFIED,unknown_preserved_concurrent,current_checkout_and_repo_instructions,preserve_pending_semantic_classification,git_status_presence_only;not_product_or_release_proof
Docs/review/assets/companion_01_offline_itinerary.png,??,unknown_preserved_concurrent_artifact,LIVE-UNCLASSIFIED,unknown_preserved_concurrent,current_checkout_and_repo_instructions,preserve_pending_semantic_classification,git_status_presence_only;not_product_or_release_proof
Docs/review/assets/companion_02_sos_active_beacon.png,??,unknown_preserved_concurrent_artifact,LIVE-UNCLASSIFIED,unknown_preserved_concurrent,current_checkout_and_repo_instructions,preserve_pending_semantic_classification,git_status_presence_only;not_product_or_release_proof
Docs/review/assets/devlin_01_crisis_evacuation_manifest.png,??,unknown_preserved_concurrent_artifact,LIVE-UNCLASSIFIED,unknown_preserved_concurrent,current_checkout_and_repo_instructions,preserve_pending_semantic_classification,git_status_presence_only;not_product_or_release_proof
Docs/review/assets/devlin_02_medevac_dispatch.png,??,unknown_preserved_concurrent_artifact,LIVE-UNCLASSIFIED,unknown_preserved_concurrent,current_checkout_and_repo_instructions,preserve_pending_semantic_classification,git_status_presence_only;not_product_or_release_proof
Docs/review/assets/elena_01_overview.png,??,unknown_preserved_concurrent_artifact,LIVE-UNCLASSIFIED,unknown_preserved_concurrent,current_checkout_and_repo_instructions,preserve_pending_semantic_classification,git_status_presence_only;not_product_or_release_proof
Docs/review/assets/elena_02_quote_review.png,??,unknown_preserved_concurrent_artifact,LIVE-UNCLASSIFIED,unknown_preserved_concurrent,current_checkout_and_repo_instructions,preserve_pending_semantic_classification,git_status_presence_only;not_product_or_release_proof
Docs/review/assets/elena_03_payments.png,??,unknown_preserved_concurrent_artifact,LIVE-UNCLASSIFIED,unknown_preserved_concurrent,current_checkout_and_repo_instructions,preserve_pending_semantic_classification,git_status_presence_only;not_product_or_release_proof
Docs/review/assets/elena_04_margin_optimizer.png,??,unknown_preserved_concurrent_artifact,LIVE-UNCLASSIFIED,unknown_preserved_concurrent,current_checkout_and_repo_instructions,preserve_pending_semantic_classification,git_status_presence_only;not_product_or_release_proof
Docs/review/assets/elena_05_vcc_settlement.png,??,unknown_preserved_concurrent_artifact,LIVE-UNCLASSIFIED,unknown_preserved_concurrent,current_checkout_and_repo_instructions,preserve_pending_semantic_classification,git_status_presence_only;not_product_or_release_proof
Docs/review/assets/elena_06_knowledge_base.png,??,unknown_preserved_concurrent_artifact,LIVE-UNCLASSIFIED,unknown_preserved_concurrent,current_checkout_and_repo_instructions,preserve_pending_semantic_classification,git_status_presence_only;not_product_or_release_proof
Docs/review/assets/fiona_01_dual_gds_sandbox.png,??,unknown_preserved_concurrent_artifact,LIVE-UNCLASSIFIED,unknown_preserved_concurrent,current_checkout_and_repo_instructions,preserve_pending_semantic_classification,git_status_presence_only;not_product_or_release_proof
Docs/review/assets/haphazard_01_raw_input.png,??,unknown_preserved_concurrent_artifact,LIVE-UNCLASSIFIED,unknown_preserved_concurrent,current_checkout_and_repo_instructions,preserve_pending_semantic_classification,git_status_presence_only;not_product_or_release_proof
Docs/review/assets/haphazard_02_packet_overview.png,??,unknown_preserved_concurrent_artifact,LIVE-UNCLASSIFIED,unknown_preserved_concurrent,current_checkout_and_repo_instructions,preserve_pending_semantic_classification,git_status_presence_only;not_product_or_release_proof
Docs/review/assets/haphazard_03_inferred_urgency_visa.png,??,unknown_preserved_concurrent_artifact,LIVE-UNCLASSIFIED,unknown_preserved_concurrent,current_checkout_and_repo_instructions,preserve_pending_semantic_classification,git_status_presence_only;not_product_or_release_proof
Docs/review/assets/haphazard_04_stage_blockers.png,??,unknown_preserved_concurrent_artifact,LIVE-UNCLASSIFIED,unknown_preserved_concurrent,current_checkout_and_repo_instructions,preserve_pending_semantic_classification,git_status_presence_only;not_product_or_release_proof
Docs/review/assets/haphazard_05_automated_followup.png,??,unknown_preserved_concurrent_artifact,LIVE-UNCLASSIFIED,unknown_preserved_concurrent,current_checkout_and_repo_instructions,preserve_pending_semantic_classification,git_status_presence_only;not_product_or_release_proof
Docs/review/assets/klaus_01_edifact_translation.png,??,unknown_preserved_concurrent_artifact,LIVE-UNCLASSIFIED,unknown_preserved_concurrent,current_checkout_and_repo_instructions,preserve_pending_semantic_classification,git_status_presence_only;not_product_or_release_proof
Docs/review/assets/klaus_02_ndc_xml_validation.png,??,unknown_preserved_concurrent_artifact,LIVE-UNCLASSIFIED,unknown_preserved_concurrent,current_checkout_and_repo_instructions,preserve_pending_semantic_classification,git_status_presence_only;not_product_or_release_proof
Docs/review/assets/lars_01_supplier_bargaining.png,??,unknown_preserved_concurrent_artifact,LIVE-UNCLASSIFIED,unknown_preserved_concurrent,current_checkout_and_repo_instructions,preserve_pending_semantic_classification,git_status_presence_only;not_product_or_release_proof
Docs/review/assets/lars_02_penalty_waiver_bot.png,??,unknown_preserved_concurrent_artifact,LIVE-UNCLASSIFIED,unknown_preserved_concurrent,current_checkout_and_repo_instructions,preserve_pending_semantic_classification,git_status_presence_only;not_product_or_release_proof
Docs/review/assets/mateo_01_wholesale_rate_parity.png,??,unknown_preserved_concurrent_artifact,LIVE-UNCLASSIFIED,unknown_preserved_concurrent,current_checkout_and_repo_instructions,preserve_pending_semantic_classification,git_status_presence_only;not_product_or_release_proof
Docs/review/assets/proposal_client_accepted_hold.png,??,unknown_preserved_concurrent_artifact,LIVE-UNCLASSIFIED,unknown_preserved_concurrent,current_checkout_and_repo_instructions,preserve_pending_semantic_classification,git_status_presence_only;not_product_or_release_proof
Docs/review/assets/proposal_client_recalculated.png,??,unknown_preserved_concurrent_artifact,LIVE-UNCLASSIFIED,unknown_preserved_concurrent,current_checkout_and_repo_instructions,preserve_pending_semantic_classification,git_status_presence_only;not_product_or_release_proof
Docs/review/assets/proposal_client_tiers.png,??,unknown_preserved_concurrent_artifact,LIVE-UNCLASSIFIED,unknown_preserved_concurrent,current_checkout_and_repo_instructions,preserve_pending_semantic_classification,git_status_presence_only;not_product_or_release_proof
Docs/review/assets/rachel_01_roadshow_intake.png,??,unknown_preserved_concurrent_artifact,LIVE-UNCLASSIFIED,unknown_preserved_concurrent,current_checkout_and_repo_instructions,preserve_pending_semantic_classification,git_status_presence_only;not_product_or_release_proof
Docs/review/assets/rachel_02_duty_of_care_radar.png,??,unknown_preserved_concurrent_artifact,LIVE-UNCLASSIFIED,unknown_preserved_concurrent,current_checkout_and_repo_instructions,preserve_pending_semantic_classification,git_status_presence_only;not_product_or_release_proof
Docs/review/assets/rachel_03_consular_step_manifest.png,??,unknown_preserved_concurrent_artifact,LIVE-UNCLASSIFIED,unknown_preserved_concurrent,current_checkout_and_repo_instructions,preserve_pending_semantic_classification,git_status_presence_only;not_product_or_release_proof
Docs/review/assets/rachel_04_irops_auto_healing.png,??,unknown_preserved_concurrent_artifact,LIVE-UNCLASSIFIED,unknown_preserved_concurrent,current_checkout_and_repo_instructions,preserve_pending_semantic_classification,git_status_presence_only;not_product_or_release_proof
Docs/review/assets/rachel_05_ivr_bypass_bridge.png,??,unknown_preserved_concurrent_artifact,LIVE-UNCLASSIFIED,unknown_preserved_concurrent,current_checkout_and_repo_instructions,preserve_pending_semantic_classification,git_status_presence_only;not_product_or_release_proof
Docs/review/assets/random_document_audit_v4_productb_kpi_exploration.json,??,unknown_preserved_concurrent_artifact,LIVE-UNCLASSIFIED,unknown_preserved_concurrent,current_checkout_and_repo_instructions,preserve_pending_semantic_classification,git_status_presence_only;not_product_or_release_proof
Docs/review/assets/siddharth_01_multi_agent_load_benchmark.png,??,unknown_preserved_concurrent_artifact,LIVE-UNCLASSIFIED,unknown_preserved_concurrent,current_checkout_and_repo_instructions,preserve_pending_semantic_classification,git_status_presence_only;not_product_or_release_proof
Docs/review/assets/tariq_01_passport_mrz_checksums.png,??,unknown_preserved_concurrent_artifact,LIVE-UNCLASSIFIED,unknown_preserved_concurrent,current_checkout_and_repo_instructions,preserve_pending_semantic_classification,git_status_presence_only;not_product_or_release_proof
Docs/review/assets/tariq_02_e_ticket_vouchers.png,??,unknown_preserved_concurrent_artifact,LIVE-UNCLASSIFIED,unknown_preserved_concurrent,current_checkout_and_repo_instructions,preserve_pending_semantic_classification,git_status_presence_only;not_product_or_release_proof
Docs/status/BUILD_QUEUE_CONSOLIDATED.md, M,unknown_preserved_concurrent_artifact,LIVE-UNCLASSIFIED,unknown_preserved_concurrent,current_checkout_and_repo_instructions,preserve_pending_semantic_classification,git_status_presence_only;not_product_or_release_proof
Docs/status/PRODUCTB_SCOPED_ANALYTICS_IMPLEMENTATION_2026-09-04.md,??,unknown_preserved_concurrent_artifact,LIVE-UNCLASSIFIED,unknown_preserved_concurrent,current_checkout_and_repo_instructions,preserve_pending_semantic_classification,git_status_presence_only;not_product_or_release_proof
Docs/travel_agency_process_issue_review_2026-09-01.md,??,unknown_preserved_concurrent_artifact,LIVE-UNCLASSIFIED,unknown_preserved_concurrent,current_checkout_and_repo_instructions,preserve_pending_semantic_classification,git_status_presence_only;not_product_or_release_proof
Docs/travel_agency_process_issue_review_2026-09-02.md,??,unknown_preserved_concurrent_artifact,LIVE-UNCLASSIFIED,unknown_preserved_concurrent,current_checkout_and_repo_instructions,preserve_pending_semantic_classification,git_status_presence_only;not_product_or_release_proof
Procfile, M,unknown_preserved_concurrent_artifact,LIVE-UNCLASSIFIED,unknown_preserved_concurrent,current_checkout_and_repo_instructions,preserve_pending_semantic_classification,git_status_presence_only;not_product_or_release_proof
alembic.ini, M,unknown_preserved_concurrent_artifact,LIVE-UNCLASSIFIED,unknown_preserved_concurrent,current_checkout_and_repo_instructions,preserve_pending_semantic_classification,git_status_presence_only;not_product_or_release_proof
alembic/env.py, M,unknown_preserved_concurrent_artifact,LIVE-UNCLASSIFIED,unknown_preserved_concurrent,current_checkout_and_repo_instructions,preserve_pending_semantic_classification,git_status_presence_only;not_product_or_release_proof
alembic/versions/add_idempotency_fencing_token.py,??,unknown_preserved_concurrent_artifact,LIVE-UNCLASSIFIED,unknown_preserved_concurrent,current_checkout_and_repo_instructions,preserve_pending_semantic_classification,git_status_presence_only;not_product_or_release_proof
alembic/versions/add_idempotency_keys_table.py,??,unknown_preserved_concurrent_artifact,LIVE-UNCLASSIFIED,unknown_preserved_concurrent,current_checkout_and_repo_instructions,preserve_pending_semantic_classification,git_status_presence_only;not_product_or_release_proof
alembic/versions/add_platform_role_to_users.py,??,unknown_preserved_concurrent_artifact,LIVE-UNCLASSIFIED,unknown_preserved_concurrent,current_checkout_and_repo_instructions,preserve_pending_semantic_classification,git_status_presence_only;not_product_or_release_proof
data/drafts/index.json, M,unknown_preserved_concurrent_artifact,LIVE-UNCLASSIFIED,unknown_preserved_concurrent,current_checkout_and_repo_instructions,preserve_pending_semantic_classification,git_status_presence_only;not_product_or_release_proof
data/evals/d6_audit_gate_snapshot.json, M,unknown_preserved_concurrent_artifact,LIVE-UNCLASSIFIED,unknown_preserved_concurrent,current_checkout_and_repo_instructions,preserve_pending_semantic_classification,git_status_presence_only;not_product_or_release_proof
data/fixtures/adversarial/adversarial_seed_v1.json,??,unknown_preserved_concurrent_artifact,LIVE-UNCLASSIFIED,unknown_preserved_concurrent,current_checkout_and_repo_instructions,preserve_pending_semantic_classification,git_status_presence_only;not_product_or_release_proof
data/fixtures/evals/holdout/README.md,??,unknown_preserved_concurrent_artifact,LIVE-UNCLASSIFIED,unknown_preserved_concurrent,current_checkout_and_repo_instructions,preserve_pending_semantic_classification,git_status_presence_only;not_product_or_release_proof
data/fixtures/test_scenarios.py, M,unknown_preserved_concurrent_artifact,LIVE-UNCLASSIFIED,unknown_preserved_concurrent,current_checkout_and_repo_instructions,preserve_pending_semantic_classification,git_status_presence_only;not_product_or_release_proof
docker-compose.yml, M,unknown_preserved_concurrent_artifact,LIVE-UNCLASSIFIED,unknown_preserved_concurrent,current_checkout_and_repo_instructions,preserve_pending_semantic_classification,git_status_presence_only;not_product_or_release_proof
fly.toml, M,unknown_preserved_concurrent_artifact,LIVE-UNCLASSIFIED,unknown_preserved_concurrent,current_checkout_and_repo_instructions,preserve_pending_semantic_classification,git_status_presence_only;not_product_or_release_proof
frontend/public/manifest.json,??,unknown_preserved_concurrent_artifact,LIVE-UNCLASSIFIED,unknown_preserved_concurrent,current_checkout_and_repo_instructions,preserve_pending_semantic_classification,git_status_presence_only;not_product_or_release_proof
frontend/public/sw.js,??,unknown_preserved_concurrent_artifact,LIVE-UNCLASSIFIED,unknown_preserved_concurrent,current_checkout_and_repo_instructions,preserve_pending_semantic_classification,git_status_presence_only;not_product_or_release_proof
frontend/src/app/(agency)/insights/PageClient.tsx, M,unknown_preserved_concurrent_artifact,LIVE-UNCLASSIFIED,unknown_preserved_concurrent,current_checkout_and_repo_instructions,preserve_pending_semantic_classification,git_status_presence_only;not_product_or_release_proof
frontend/src/app/(agency)/insights/__tests__/PageClient.test.tsx, M,unknown_preserved_concurrent_artifact,LIVE-UNCLASSIFIED,unknown_preserved_concurrent,current_checkout_and_repo_instructions,preserve_pending_semantic_classification,git_status_presence_only;not_product_or_release_proof
frontend/src/app/(agency)/overview/__tests__/useOverviewSummary.test.ts, M,unknown_preserved_concurrent_artifact,LIVE-UNCLASSIFIED,unknown_preserved_concurrent,current_checkout_and_repo_instructions,preserve_pending_semantic_classification,git_status_presence_only;not_product_or_release_proof
frontend/src/app/(agency)/overview/useOverviewSummary.ts, M,unknown_preserved_concurrent_artifact,LIVE-UNCLASSIFIED,unknown_preserved_concurrent,current_checkout_and_repo_instructions,preserve_pending_semantic_classification,git_status_presence_only;not_product_or_release_proof
frontend/src/app/(agency)/platform-admin/product-b/PageClient.tsx,??,unknown_preserved_concurrent_artifact,LIVE-UNCLASSIFIED,unknown_preserved_concurrent,current_checkout_and_repo_instructions,preserve_pending_semantic_classification,git_status_presence_only;not_product_or_release_proof
frontend/src/app/(agency)/platform-admin/product-b/page.tsx,??,unknown_preserved_concurrent_artifact,LIVE-UNCLASSIFIED,unknown_preserved_concurrent,current_checkout_and_repo_instructions,preserve_pending_semantic_classification,git_status_presence_only;not_product_or_release_proof
frontend/src/app/(agency)/settings/components/MemorySettingsTab.tsx, M,unknown_preserved_concurrent_artifact,LIVE-UNCLASSIFIED,unknown_preserved_concurrent,current_checkout_and_repo_instructions,preserve_pending_semantic_classification,git_status_presence_only;not_product_or_release_proof
frontend/src/app/(agency)/trips/PageClient.tsx, M,unknown_preserved_concurrent_artifact,LIVE-UNCLASSIFIED,unknown_preserved_concurrent,current_checkout_and_repo_instructions,preserve_pending_semantic_classification,git_status_presence_only;not_product_or_release_proof
frontend/src/app/(agency)/trips/[tripId]/layout.tsx, M,unknown_preserved_concurrent_artifact,LIVE-UNCLASSIFIED,unknown_preserved_concurrent,current_checkout_and_repo_instructions,preserve_pending_semantic_classification,git_status_presence_only;not_product_or_release_proof
frontend/src/app/(agency)/workbench/CharterAviationPanel.tsx,??,unknown_preserved_concurrent_artifact,LIVE-UNCLASSIFIED,unknown_preserved_concurrent,current_checkout_and_repo_instructions,preserve_pending_semantic_classification,git_status_presence_only;not_product_or_release_proof
frontend/src/app/(agency)/workbench/CrisisEvacuationPanel.tsx, M,unknown_preserved_concurrent_artifact,LIVE-UNCLASSIFIED,unknown_preserved_concurrent,current_checkout_and_repo_instructions,preserve_pending_semantic_classification,git_status_presence_only;not_product_or_release_proof
frontend/src/app/(agency)/workbench/DistributionPanel.tsx, M,unknown_preserved_concurrent_artifact,LIVE-UNCLASSIFIED,unknown_preserved_concurrent,current_checkout_and_repo_instructions,preserve_pending_semantic_classification,git_status_presence_only;not_product_or_release_proof
frontend/src/app/(agency)/workbench/DocumentMRZPanel.tsx,??,unknown_preserved_concurrent_artifact,LIVE-UNCLASSIFIED,unknown_preserved_concurrent,current_checkout_and_repo_instructions,preserve_pending_semantic_classification,git_status_presence_only;not_product_or_release_proof
frontend/src/app/(agency)/workbench/DutyOfCareRadarPanel.tsx,??,unknown_preserved_concurrent_artifact,LIVE-UNCLASSIFIED,unknown_preserved_concurrent,current_checkout_and_repo_instructions,preserve_pending_semantic_classification,git_status_presence_only;not_product_or_release_proof
frontend/src/app/(agency)/workbench/EpistemicPanel.tsx,??,unknown_preserved_concurrent_artifact,LIVE-UNCLASSIFIED,unknown_preserved_concurrent,current_checkout_and_repo_instructions,preserve_pending_semantic_classification,git_status_presence_only;not_product_or_release_proof
frontend/src/app/(agency)/workbench/FinancialSettlementPanel.tsx,??,unknown_preserved_concurrent_artifact,LIVE-UNCLASSIFIED,unknown_preserved_concurrent,current_checkout_and_repo_instructions,preserve_pending_semantic_classification,git_status_presence_only;not_product_or_release_proof
frontend/src/app/(agency)/workbench/GDSSandboxPanel.tsx,??,unknown_preserved_concurrent_artifact,LIVE-UNCLASSIFIED,unknown_preserved_concurrent,current_checkout_and_repo_instructions,preserve_pending_semantic_classification,git_status_presence_only;not_product_or_release_proof
frontend/src/app/(agency)/workbench/GroupParetoPanel.tsx,??,unknown_preserved_concurrent_artifact,LIVE-UNCLASSIFIED,unknown_preserved_concurrent,current_checkout_and_repo_instructions,preserve_pending_semantic_classification,git_status_presence_only;not_product_or_release_proof
frontend/src/app/(agency)/workbench/IROPSAutoHealerPanel.tsx,??,unknown_preserved_concurrent_artifact,LIVE-UNCLASSIFIED,unknown_preserved_concurrent,current_checkout_and_repo_instructions,preserve_pending_semantic_classification,git_status_presence_only;not_product_or_release_proof
frontend/src/app/(agency)/workbench/IVRBypassPanel.tsx,??,unknown_preserved_concurrent_artifact,LIVE-UNCLASSIFIED,unknown_preserved_concurrent,current_checkout_and_repo_instructions,preserve_pending_semantic_classification,git_status_presence_only;not_product_or_release_proof
frontend/src/app/(agency)/workbench/JourneyGraphVisualizer.tsx,??,unknown_preserved_concurrent_artifact,LIVE-UNCLASSIFIED,unknown_preserved_concurrent,current_checkout_and_repo_instructions,preserve_pending_semantic_classification,git_status_presence_only;not_product_or_release_proof
frontend/src/app/(agency)/workbench/MemoryArchitectPanel.tsx, M,unknown_preserved_concurrent_artifact,LIVE-UNCLASSIFIED,unknown_preserved_concurrent,current_checkout_and_repo_instructions,preserve_pending_semantic_classification,git_status_presence_only;not_product_or_release_proof
frontend/src/app/(agency)/workbench/NegotiationPanel.tsx, M,unknown_preserved_concurrent_artifact,LIVE-UNCLASSIFIED,unknown_preserved_concurrent,current_checkout_and_repo_instructions,preserve_pending_semantic_classification,git_status_presence_only;not_product_or_release_proof
frontend/src/app/(agency)/workbench/PageClient.tsx, M,unknown_preserved_concurrent_artifact,LIVE-UNCLASSIFIED,unknown_preserved_concurrent,current_checkout_and_repo_instructions,preserve_pending_semantic_classification,git_status_presence_only;not_product_or_release_proof
frontend/src/app/(agency)/workbench/PersonaCouncilPanel.tsx, M,unknown_preserved_concurrent_artifact,LIVE-UNCLASSIFIED,unknown_preserved_concurrent,current_checkout_and_repo_instructions,preserve_pending_semantic_classification,git_status_presence_only;not_product_or_release_proof
frontend/src/app/(agency)/workbench/ProposalCompilerPanel.tsx,??,unknown_preserved_concurrent_artifact,LIVE-UNCLASSIFIED,unknown_preserved_concurrent,current_checkout_and_repo_instructions,preserve_pending_semantic_classification,git_status_presence_only;not_product_or_release_proof
frontend/src/app/(agency)/workbench/RouteLogisticsPanel.tsx,??,unknown_preserved_concurrent_artifact,LIVE-UNCLASSIFIED,unknown_preserved_concurrent,current_checkout_and_repo_instructions,preserve_pending_semantic_classification,git_status_presence_only;not_product_or_release_proof
frontend/src/app/(agency)/workbench/StressBenchmarkPanel.tsx,??,unknown_preserved_concurrent_artifact,LIVE-UNCLASSIFIED,unknown_preserved_concurrent,current_checkout_and_repo_instructions,preserve_pending_semantic_classification,git_status_presence_only;not_product_or_release_proof
frontend/src/app/(agency)/workbench/TimeTravelScrubber.tsx,??,unknown_preserved_concurrent_artifact,LIVE-UNCLASSIFIED,unknown_preserved_concurrent,current_checkout_and_repo_instructions,preserve_pending_semantic_classification,git_status_presence_only;not_product_or_release_proof
frontend/src/app/(agency)/workbench/YieldArbitragePanel.tsx,??,unknown_preserved_concurrent_artifact,LIVE-UNCLASSIFIED,unknown_preserved_concurrent,current_checkout_and_repo_instructions,preserve_pending_semantic_classification,git_status_presence_only;not_product_or_release_proof
frontend/src/app/(agency)/workbench/__tests__/YieldArbitragePanel.contract.test.tsx,??,unknown_preserved_concurrent_artifact,LIVE-UNCLASSIFIED,unknown_preserved_concurrent,current_checkout_and_repo_instructions,preserve_pending_semantic_classification,git_status_presence_only;not_product_or_release_proof
frontend/src/app/(agency)/workbench/__tests__/simulated-panels-honesty.test.tsx,??,unknown_preserved_concurrent_artifact,LIVE-UNCLASSIFIED,unknown_preserved_concurrent,current_checkout_and_repo_instructions,preserve_pending_semantic_classification,git_status_presence_only;not_product_or_release_proof
frontend/src/app/(traveler)/companion/page.tsx,??,unknown_preserved_concurrent_artifact,LIVE-UNCLASSIFIED,unknown_preserved_concurrent,current_checkout_and_repo_instructions,preserve_pending_semantic_classification,git_status_presence_only;not_product_or_release_proof
frontend/src/app/(traveler)/itinerary-checker/PageClient.tsx, M,unknown_preserved_concurrent_artifact,LIVE-UNCLASSIFIED,unknown_preserved_concurrent,current_checkout_and_repo_instructions,preserve_pending_semantic_classification,git_status_presence_only;not_product_or_release_proof
frontend/src/app/corporate/offsites/page.tsx, M,unknown_preserved_concurrent_artifact,LIVE-UNCLASSIFIED,unknown_preserved_concurrent,current_checkout_and_repo_instructions,preserve_pending_semantic_classification,git_status_presence_only;not_product_or_release_proof
frontend/src/app/intake/fast/page.tsx, M,unknown_preserved_concurrent_artifact,LIVE-UNCLASSIFIED,unknown_preserved_concurrent,current_checkout_and_repo_instructions,preserve_pending_semantic_classification,git_status_presence_only;not_product_or_release_proof
frontend/src/app/proposals/[proposalId]/page.tsx, M,unknown_preserved_concurrent_artifact,LIVE-UNCLASSIFIED,unknown_preserved_concurrent,current_checkout_and_repo_instructions,preserve_pending_semantic_classification,git_status_presence_only;not_product_or_release_proof
frontend/src/app/proposals/__tests__/page.test.tsx, M,unknown_preserved_concurrent_artifact,LIVE-UNCLASSIFIED,unknown_preserved_concurrent,current_checkout_and_repo_instructions,preserve_pending_semantic_classification,git_status_presence_only;not_product_or_release_proof
frontend/src/components/inbox/ComposableFilterBar.tsx, M,unknown_preserved_concurrent_artifact,LIVE-UNCLASSIFIED,unknown_preserved_concurrent,current_checkout_and_repo_instructions,preserve_pending_semantic_classification,git_status_presence_only;not_product_or_release_proof
frontend/src/components/insights/ProductBKpiPanel.tsx,??,unknown_preserved_concurrent_artifact,LIVE-UNCLASSIFIED,unknown_preserved_concurrent,current_checkout_and_repo_instructions,preserve_pending_semantic_classification,git_status_presence_only;not_product_or_release_proof
frontend/src/components/marketing/landing-v5.tsx, M,unknown_preserved_concurrent_artifact,LIVE-UNCLASSIFIED,unknown_preserved_concurrent,current_checkout_and_repo_instructions,preserve_pending_semantic_classification,git_status_presence_only;not_product_or_release_proof
frontend/src/components/ui/SimulatedBadge.tsx,??,unknown_preserved_concurrent_artifact,LIVE-UNCLASSIFIED,unknown_preserved_concurrent,current_checkout_and_repo_instructions,preserve_pending_semantic_classification,git_status_presence_only;not_product_or_release_proof
frontend/src/components/ui/drawer.tsx, M,unknown_preserved_concurrent_artifact,LIVE-UNCLASSIFIED,unknown_preserved_concurrent,current_checkout_and_repo_instructions,preserve_pending_semantic_classification,git_status_presence_only;not_product_or_release_proof
frontend/src/components/ui/modal.tsx, M,unknown_preserved_concurrent_artifact,LIVE-UNCLASSIFIED,unknown_preserved_concurrent,current_checkout_and_repo_instructions,preserve_pending_semantic_classification,git_status_presence_only;not_product_or_release_proof
frontend/src/components/workspace/LifecycleChip.tsx,??,unknown_preserved_concurrent_artifact,LIVE-UNCLASSIFIED,unknown_preserved_concurrent,current_checkout_and_repo_instructions,preserve_pending_semantic_classification,git_status_presence_only;not_product_or_release_proof
frontend/src/components/workspace/PlanningTripCard.tsx, M,unknown_preserved_concurrent_artifact,LIVE-UNCLASSIFIED,unknown_preserved_concurrent,current_checkout_and_repo_instructions,preserve_pending_semantic_classification,git_status_presence_only;not_product_or_release_proof
frontend/src/components/workspace/__tests__/LifecycleChip.test.tsx,??,unknown_preserved_concurrent_artifact,LIVE-UNCLASSIFIED,unknown_preserved_concurrent,current_checkout_and_repo_instructions,preserve_pending_semantic_classification,git_status_presence_only;not_product_or_release_proof
frontend/src/components/workspace/panels/IntakePanel.tsx, M,unknown_preserved_concurrent_artifact,LIVE-UNCLASSIFIED,unknown_preserved_concurrent,current_checkout_and_repo_instructions,preserve_pending_semantic_classification,git_status_presence_only;not_product_or_release_proof
frontend/src/components/workspace/panels/PacketPanel.tsx, M,unknown_preserved_concurrent_artifact,LIVE-UNCLASSIFIED,unknown_preserved_concurrent,current_checkout_and_repo_instructions,preserve_pending_semantic_classification,git_status_presence_only;not_product_or_release_proof
frontend/src/components/workspace/panels/YieldArbitragePanel.tsx, M,unknown_preserved_concurrent_artifact,LIVE-UNCLASSIFIED,unknown_preserved_concurrent,current_checkout_and_repo_instructions,preserve_pending_semantic_classification,git_status_presence_only;not_product_or_release_proof
frontend/src/components/workspace/panels/__tests__/IntakePanel.repairDeepLink.test.tsx,??,unknown_preserved_concurrent_artifact,LIVE-UNCLASSIFIED,unknown_preserved_concurrent,current_checkout_and_repo_instructions,preserve_pending_semantic_classification,git_status_presence_only;not_product_or_release_proof
frontend/src/hooks/useDraftAutosave.ts, M,unknown_preserved_concurrent_artifact,LIVE-UNCLASSIFIED,unknown_preserved_concurrent,current_checkout_and_repo_instructions,preserve_pending_semantic_classification,git_status_presence_only;not_product_or_release_proof
frontend/src/hooks/useGovernance.ts, M,unknown_preserved_concurrent_artifact,LIVE-UNCLASSIFIED,unknown_preserved_concurrent,current_checkout_and_repo_instructions,preserve_pending_semantic_classification,git_status_presence_only;not_product_or_release_proof
frontend/src/hooks/useTripStream.ts, M,unknown_preserved_concurrent_artifact,LIVE-UNCLASSIFIED,unknown_preserved_concurrent,current_checkout_and_repo_instructions,preserve_pending_semantic_classification,git_status_presence_only;not_product_or_release_proof
frontend/src/lib/__tests__/repair-deep-link.test.ts,??,unknown_preserved_concurrent_artifact,LIVE-UNCLASSIFIED,unknown_preserved_concurrent,current_checkout_and_repo_instructions,preserve_pending_semantic_classification,git_status_presence_only;not_product_or_release_proof
frontend/src/lib/__tests__/route-map.test.ts, M,unknown_preserved_concurrent_artifact,LIVE-UNCLASSIFIED,unknown_preserved_concurrent,current_checkout_and_repo_instructions,preserve_pending_semantic_classification,git_status_presence_only;not_product_or_release_proof
frontend/src/lib/__tests__/trip-lifecycle.test.ts,??,unknown_preserved_concurrent_artifact,LIVE-UNCLASSIFIED,unknown_preserved_concurrent,current_checkout_and_repo_instructions,preserve_pending_semantic_classification,git_status_presence_only;not_product_or_release_proof
frontend/src/lib/governance-api.ts, M,unknown_preserved_concurrent_artifact,LIVE-UNCLASSIFIED,unknown_preserved_concurrent,current_checkout_and_repo_instructions,preserve_pending_semantic_classification,git_status_presence_only;not_product_or_release_proof
frontend/src/lib/repair-deep-link.ts,??,unknown_preserved_concurrent_artifact,LIVE-UNCLASSIFIED,unknown_preserved_concurrent,current_checkout_and_repo_instructions,preserve_pending_semantic_classification,git_status_presence_only;not_product_or_release_proof
frontend/src/lib/route-map.ts, M,unknown_preserved_concurrent_artifact,LIVE-UNCLASSIFIED,unknown_preserved_concurrent,current_checkout_and_repo_instructions,preserve_pending_semantic_classification,git_status_presence_only;not_product_or_release_proof
frontend/src/lib/trip-lifecycle.ts,??,unknown_preserved_concurrent_artifact,LIVE-UNCLASSIFIED,unknown_preserved_concurrent,current_checkout_and_repo_instructions,preserve_pending_semantic_classification,git_status_presence_only;not_product_or_release_proof
frontend/src/types/auth-session.ts, M,unknown_preserved_concurrent_artifact,LIVE-UNCLASSIFIED,unknown_preserved_concurrent,current_checkout_and_repo_instructions,preserve_pending_semantic_classification,git_status_presence_only;not_product_or_release_proof
frontend/src/types/pdfjs-dist.d.ts, M,unknown_preserved_concurrent_artifact,LIVE-UNCLASSIFIED,unknown_preserved_concurrent,current_checkout_and_repo_instructions,preserve_pending_semantic_classification,git_status_presence_only;not_product_or_release_proof
frontend/src/types/product-b.ts,??,unknown_preserved_concurrent_artifact,LIVE-UNCLASSIFIED,unknown_preserved_concurrent,current_checkout_and_repo_instructions,preserve_pending_semantic_classification,git_status_presence_only;not_product_or_release_proof
render.yaml, M,unknown_preserved_concurrent_artifact,LIVE-UNCLASSIFIED,unknown_preserved_concurrent,current_checkout_and_repo_instructions,preserve_pending_semantic_classification,git_status_presence_only;not_product_or_release_proof
scripts/check_findings_register.py, M,unknown_preserved_concurrent_artifact,LIVE-UNCLASSIFIED,unknown_preserved_concurrent,current_checkout_and_repo_instructions,preserve_pending_semantic_classification,git_status_presence_only;not_product_or_release_proof
scripts/run_backend_tests.sh, M,unknown_preserved_concurrent_artifact,LIVE-UNCLASSIFIED,unknown_preserved_concurrent,current_checkout_and_repo_instructions,preserve_pending_semantic_classification,git_status_presence_only;not_product_or_release_proof
scripts/update_council_panel.py,??,unknown_preserved_concurrent_artifact,LIVE-UNCLASSIFIED,unknown_preserved_concurrent,current_checkout_and_repo_instructions,preserve_pending_semantic_classification,git_status_presence_only;not_product_or_release_proof
scripts/write_visualizers.py,??,unknown_preserved_concurrent_artifact,LIVE-UNCLASSIFIED,unknown_preserved_concurrent,current_checkout_and_repo_instructions,preserve_pending_semantic_classification,git_status_presence_only;not_product_or_release_proof
spine_api/contract.py, M,unknown_preserved_concurrent_artifact,LIVE-UNCLASSIFIED,unknown_preserved_concurrent,current_checkout_and_repo_instructions,preserve_pending_semantic_classification,git_status_presence_only;not_product_or_release_proof
spine_api/core/audit.py, M,unknown_preserved_concurrent_artifact,LIVE-UNCLASSIFIED,unknown_preserved_concurrent,current_checkout_and_repo_instructions,preserve_pending_semantic_classification,git_status_presence_only;not_product_or_release_proof
spine_api/core/auth.py, M,unknown_preserved_concurrent_artifact,LIVE-UNCLASSIFIED,unknown_preserved_concurrent,current_checkout_and_repo_instructions,preserve_pending_semantic_classification,git_status_presence_only;not_product_or_release_proof
spine_api/core/database.py, M,unknown_preserved_concurrent_artifact,LIVE-UNCLASSIFIED,unknown_preserved_concurrent,current_checkout_and_repo_instructions,preserve_pending_semantic_classification,git_status_presence_only;not_product_or_release_proof
spine_api/core/llm_egress.py, M,unknown_preserved_concurrent_artifact,LIVE-UNCLASSIFIED,unknown_preserved_concurrent,current_checkout_and_repo_instructions,preserve_pending_semantic_classification,git_status_presence_only;not_product_or_release_proof
spine_api/core/middleware.py, M,unknown_preserved_concurrent_artifact,LIVE-UNCLASSIFIED,unknown_preserved_concurrent,current_checkout_and_repo_instructions,preserve_pending_semantic_classification,git_status_presence_only;not_product_or_release_proof
spine_api/core/platform_auth.py,??,unknown_preserved_concurrent_artifact,LIVE-UNCLASSIFIED,unknown_preserved_concurrent,current_checkout_and_repo_instructions,preserve_pending_semantic_classification,git_status_presence_only;not_product_or_release_proof
spine_api/core/startup_assertions.py, M,unknown_preserved_concurrent_artifact,LIVE-UNCLASSIFIED,unknown_preserved_concurrent,current_checkout_and_repo_instructions,preserve_pending_semantic_classification,git_status_presence_only;not_product_or_release_proof
spine_api/core/trip_status.py,??,unknown_preserved_concurrent_artifact,LIVE-UNCLASSIFIED,unknown_preserved_concurrent,current_checkout_and_repo_instructions,preserve_pending_semantic_classification,git_status_presence_only;not_product_or_release_proof
spine_api/models/__init__.py, M,unknown_preserved_concurrent_artifact,LIVE-UNCLASSIFIED,unknown_preserved_concurrent,current_checkout_and_repo_instructions,preserve_pending_semantic_classification,git_status_presence_only;not_product_or_release_proof
spine_api/models/audit.py, M,unknown_preserved_concurrent_artifact,LIVE-UNCLASSIFIED,unknown_preserved_concurrent,current_checkout_and_repo_instructions,preserve_pending_semantic_classification,git_status_presence_only;not_product_or_release_proof
spine_api/models/idempotency.py,??,unknown_preserved_concurrent_artifact,LIVE-UNCLASSIFIED,unknown_preserved_concurrent,current_checkout_and_repo_instructions,preserve_pending_semantic_classification,git_status_presence_only;not_product_or_release_proof
spine_api/models/product_b_analytics.py,??,unknown_preserved_concurrent_artifact,LIVE-UNCLASSIFIED,unknown_preserved_concurrent,current_checkout_and_repo_instructions,preserve_pending_semantic_classification,git_status_presence_only;not_product_or_release_proof
spine_api/models/tenant.py, M,unknown_preserved_concurrent_artifact,LIVE-UNCLASSIFIED,unknown_preserved_concurrent,current_checkout_and_repo_instructions,preserve_pending_semantic_classification,git_status_presence_only;not_product_or_release_proof
spine_api/persistence.py, M,unknown_preserved_concurrent_artifact,LIVE-UNCLASSIFIED,unknown_preserved_concurrent,current_checkout_and_repo_instructions,preserve_pending_semantic_classification,git_status_presence_only;not_product_or_release_proof
spine_api/product_b_events.py, M,unknown_preserved_concurrent_artifact,LIVE-UNCLASSIFIED,unknown_preserved_concurrent,current_checkout_and_repo_instructions,preserve_pending_semantic_classification,git_status_presence_only;not_product_or_release_proof
spine_api/providers/amadeus_enterprise_adapter.py,??,unknown_preserved_concurrent_artifact,LIVE-UNCLASSIFIED,unknown_preserved_concurrent,current_checkout_and_repo_instructions,preserve_pending_semantic_classification,git_status_presence_only;not_product_or_release_proof
spine_api/providers/stripe_issuing_adapter.py,??,unknown_preserved_concurrent_artifact,LIVE-UNCLASSIFIED,unknown_preserved_concurrent,current_checkout_and_repo_instructions,preserve_pending_semantic_classification,git_status_presence_only;not_product_or_release_proof
spine_api/providers/twilio_telephony_adapter.py,??,unknown_preserved_concurrent_artifact,LIVE-UNCLASSIFIED,unknown_preserved_concurrent,current_checkout_and_repo_instructions,preserve_pending_semantic_classification,git_status_presence_only;not_product_or_release_proof
spine_api/routers/agent_lease.py,??,unknown_preserved_concurrent_artifact,LIVE-UNCLASSIFIED,unknown_preserved_concurrent,current_checkout_and_repo_instructions,preserve_pending_semantic_classification,git_status_presence_only;not_product_or_release_proof
spine_api/routers/auth.py, M,unknown_preserved_concurrent_artifact,LIVE-UNCLASSIFIED,unknown_preserved_concurrent,current_checkout_and_repo_instructions,preserve_pending_semantic_classification,git_status_presence_only;not_product_or_release_proof
spine_api/routers/charter_aviation.py,??,unknown_preserved_concurrent_artifact,LIVE-UNCLASSIFIED,unknown_preserved_concurrent,current_checkout_and_repo_instructions,preserve_pending_semantic_classification,git_status_presence_only;not_product_or_release_proof
spine_api/routers/customer_memory.py, M,unknown_preserved_concurrent_artifact,LIVE-UNCLASSIFIED,unknown_preserved_concurrent,current_checkout_and_repo_instructions,preserve_pending_semantic_classification,git_status_presence_only;not_product_or_release_proof
spine_api/routers/document_extraction.py,??,unknown_preserved_concurrent_artifact,LIVE-UNCLASSIFIED,unknown_preserved_concurrent,current_checkout_and_repo_instructions,preserve_pending_semantic_classification,git_status_presence_only;not_product_or_release_proof
spine_api/routers/drafts.py, M,unknown_preserved_concurrent_artifact,LIVE-UNCLASSIFIED,unknown_preserved_concurrent,current_checkout_and_repo_instructions,preserve_pending_semantic_classification,git_status_presence_only;not_product_or_release_proof
spine_api/routers/duty_of_care_radar.py,??,unknown_preserved_concurrent_artifact,LIVE-UNCLASSIFIED,unknown_preserved_concurrent,current_checkout_and_repo_instructions,preserve_pending_semantic_classification,git_status_presence_only;not_product_or_release_proof
spine_api/routers/epistemic.py,??,unknown_preserved_concurrent_artifact,LIVE-UNCLASSIFIED,unknown_preserved_concurrent,current_checkout_and_repo_instructions,preserve_pending_semantic_classification,git_status_presence_only;not_product_or_release_proof
spine_api/routers/financial_settlement.py,??,unknown_preserved_concurrent_artifact,LIVE-UNCLASSIFIED,unknown_preserved_concurrent,current_checkout_and_repo_instructions,preserve_pending_semantic_classification,git_status_presence_only;not_product_or_release_proof
spine_api/routers/gds_sandbox.py,??,unknown_preserved_concurrent_artifact,LIVE-UNCLASSIFIED,unknown_preserved_concurrent,current_checkout_and_repo_instructions,preserve_pending_semantic_classification,git_status_presence_only;not_product_or_release_proof
spine_api/routers/group_pareto.py,??,unknown_preserved_concurrent_artifact,LIVE-UNCLASSIFIED,unknown_preserved_concurrent,current_checkout_and_repo_instructions,preserve_pending_semantic_classification,git_status_presence_only;not_product_or_release_proof
spine_api/routers/health.py, M,unknown_preserved_concurrent_artifact,LIVE-UNCLASSIFIED,unknown_preserved_concurrent,current_checkout_and_repo_instructions,preserve_pending_semantic_classification,git_status_presence_only;not_product_or_release_proof
spine_api/routers/inbound.py, M,unknown_preserved_concurrent_artifact,LIVE-UNCLASSIFIED,unknown_preserved_concurrent,current_checkout_and_repo_instructions,preserve_pending_semantic_classification,git_status_presence_only;not_product_or_release_proof
spine_api/routers/irops_healer.py,??,unknown_preserved_concurrent_artifact,LIVE-UNCLASSIFIED,unknown_preserved_concurrent,current_checkout_and_repo_instructions,preserve_pending_semantic_classification,git_status_presence_only;not_product_or_release_proof
spine_api/routers/itinerary_export.py,??,unknown_preserved_concurrent_artifact,LIVE-UNCLASSIFIED,unknown_preserved_concurrent,current_checkout_and_repo_instructions,preserve_pending_semantic_classification,git_status_presence_only;not_product_or_release_proof
spine_api/routers/ivr_bypass.py,??,unknown_preserved_concurrent_artifact,LIVE-UNCLASSIFIED,unknown_preserved_concurrent,current_checkout_and_repo_instructions,preserve_pending_semantic_classification,git_status_presence_only;not_product_or_release_proof
spine_api/routers/journey_graph.py,??,unknown_preserved_concurrent_artifact,LIVE-UNCLASSIFIED,unknown_preserved_concurrent,current_checkout_and_repo_instructions,preserve_pending_semantic_classification,git_status_presence_only;not_product_or_release_proof
spine_api/routers/logistics.py,??,unknown_preserved_concurrent_artifact,LIVE-UNCLASSIFIED,unknown_preserved_concurrent,current_checkout_and_repo_instructions,preserve_pending_semantic_classification,git_status_presence_only;not_product_or_release_proof
spine_api/routers/price_lock.py, M,unknown_preserved_concurrent_artifact,LIVE-UNCLASSIFIED,unknown_preserved_concurrent,current_checkout_and_repo_instructions,preserve_pending_semantic_classification,git_status_presence_only;not_product_or_release_proof
spine_api/routers/product_b_analytics.py, M,unknown_preserved_concurrent_artifact,LIVE-UNCLASSIFIED,unknown_preserved_concurrent,current_checkout_and_repo_instructions,preserve_pending_semantic_classification,git_status_presence_only;not_product_or_release_proof
spine_api/routers/proposal_compiler.py,??,unknown_preserved_concurrent_artifact,LIVE-UNCLASSIFIED,unknown_preserved_concurrent,current_checkout_and_repo_instructions,preserve_pending_semantic_classification,git_status_presence_only;not_product_or_release_proof
spine_api/routers/public_proposals.py, M,unknown_preserved_concurrent_artifact,LIVE-UNCLASSIFIED,unknown_preserved_concurrent,current_checkout_and_repo_instructions,preserve_pending_semantic_classification,git_status_presence_only;not_product_or_release_proof
spine_api/routers/stress_benchmark.py,??,unknown_preserved_concurrent_artifact,LIVE-UNCLASSIFIED,unknown_preserved_concurrent,current_checkout_and_repo_instructions,preserve_pending_semantic_classification,git_status_presence_only;not_product_or_release_proof
spine_api/routers/trip_history.py,??,unknown_preserved_concurrent_artifact,LIVE-UNCLASSIFIED,unknown_preserved_concurrent,current_checkout_and_repo_instructions,preserve_pending_semantic_classification,git_status_presence_only;not_product_or_release_proof
spine_api/routers/trust_scorecard.py, M,unknown_preserved_concurrent_artifact,LIVE-UNCLASSIFIED,unknown_preserved_concurrent,current_checkout_and_repo_instructions,preserve_pending_semantic_classification,git_status_presence_only;not_product_or_release_proof
spine_api/routers/yield_benchmark.py,??,unknown_preserved_concurrent_artifact,LIVE-UNCLASSIFIED,unknown_preserved_concurrent,current_checkout_and_repo_instructions,preserve_pending_semantic_classification,git_status_presence_only;not_product_or_release_proof
spine_api/run_events.py, M,unknown_preserved_concurrent_artifact,LIVE-UNCLASSIFIED,unknown_preserved_concurrent,current_checkout_and_repo_instructions,preserve_pending_semantic_classification,git_status_presence_only;not_product_or_release_proof
spine_api/run_ledger.py, M,unknown_preserved_concurrent_artifact,LIVE-UNCLASSIFIED,unknown_preserved_concurrent,current_checkout_and_repo_instructions,preserve_pending_semantic_classification,git_status_presence_only;not_product_or_release_proof
spine_api/server.py, M,unknown_preserved_concurrent_artifact,LIVE-UNCLASSIFIED,unknown_preserved_concurrent,current_checkout_and_repo_instructions,preserve_pending_semantic_classification,git_status_presence_only;not_product_or_release_proof
spine_api/services/auth_service.py, M,unknown_preserved_concurrent_artifact,LIVE-UNCLASSIFIED,unknown_preserved_concurrent,current_checkout_and_repo_instructions,preserve_pending_semantic_classification,git_status_presence_only;not_product_or_release_proof
spine_api/services/collection_service.py, M,unknown_preserved_concurrent_artifact,LIVE-UNCLASSIFIED,unknown_preserved_concurrent,current_checkout_and_repo_instructions,preserve_pending_semantic_classification,git_status_presence_only;not_product_or_release_proof
spine_api/services/document_service.py, M,unknown_preserved_concurrent_artifact,LIVE-UNCLASSIFIED,unknown_preserved_concurrent,current_checkout_and_repo_instructions,preserve_pending_semantic_classification,git_status_presence_only;not_product_or_release_proof
spine_api/services/field_merge.py,??,unknown_preserved_concurrent_artifact,LIVE-UNCLASSIFIED,unknown_preserved_concurrent,current_checkout_and_repo_instructions,preserve_pending_semantic_classification,git_status_presence_only;not_product_or_release_proof
spine_api/services/messaging_webhooks.py, M,unknown_preserved_concurrent_artifact,LIVE-UNCLASSIFIED,unknown_preserved_concurrent,current_checkout_and_repo_instructions,preserve_pending_semantic_classification,git_status_presence_only;not_product_or_release_proof
spine_api/services/public_checker_service.py, M,unknown_preserved_concurrent_artifact,LIVE-UNCLASSIFIED,unknown_preserved_concurrent,current_checkout_and_repo_instructions,preserve_pending_semantic_classification,git_status_presence_only;not_product_or_release_proof
src/accounting/export_bridge.py,??,unknown_preserved_concurrent_artifact,LIVE-UNCLASSIFIED,unknown_preserved_concurrent,current_checkout_and_repo_instructions,preserve_pending_semantic_classification,git_status_presence_only;not_product_or_release_proof
src/adapters/stripe_issuing_adapter.py,??,unknown_preserved_concurrent_artifact,LIVE-UNCLASSIFIED,unknown_preserved_concurrent,current_checkout_and_repo_instructions,preserve_pending_semantic_classification,git_status_presence_only;not_product_or_release_proof
src/agents/dlq_inspector.py,??,unknown_preserved_concurrent_artifact,LIVE-UNCLASSIFIED,unknown_preserved_concurrent,current_checkout_and_repo_instructions,preserve_pending_semantic_classification,git_status_presence_only;not_product_or_release_proof
src/agents/idempotency.py, M,unknown_preserved_concurrent_artifact,LIVE-UNCLASSIFIED,unknown_preserved_concurrent,current_checkout_and_repo_instructions,preserve_pending_semantic_classification,git_status_presence_only;not_product_or_release_proof
src/agents/live_tools.py, M,unknown_preserved_concurrent_artifact,LIVE-UNCLASSIFIED,unknown_preserved_concurrent,current_checkout_and_repo_instructions,preserve_pending_semantic_classification,git_status_presence_only;not_product_or_release_proof
src/benchmarking/stress_simulator.py,??,unknown_preserved_concurrent_artifact,LIVE-UNCLASSIFIED,unknown_preserved_concurrent,current_checkout_and_repo_instructions,preserve_pending_semantic_classification,git_status_presence_only;not_product_or_release_proof
src/briefing/pre_departure_cadence.py,??,unknown_preserved_concurrent_artifact,LIVE-UNCLASSIFIED,unknown_preserved_concurrent,current_checkout_and_repo_instructions,preserve_pending_semantic_classification,git_status_presence_only;not_product_or_release_proof
src/charter/aviation_engine.py,??,unknown_preserved_concurrent_artifact,LIVE-UNCLASSIFIED,unknown_preserved_concurrent,current_checkout_and_repo_instructions,preserve_pending_semantic_classification,git_status_presence_only;not_product_or_release_proof
src/charter/empty_leg_scraper.py,??,unknown_preserved_concurrent_artifact,LIVE-UNCLASSIFIED,unknown_preserved_concurrent,current_checkout_and_repo_instructions,preserve_pending_semantic_classification,git_status_presence_only;not_product_or_release_proof
src/charter/models.py,??,unknown_preserved_concurrent_artifact,LIVE-UNCLASSIFIED,unknown_preserved_concurrent,current_checkout_and_repo_instructions,preserve_pending_semantic_classification,git_status_presence_only;not_product_or_release_proof
src/compilers/itinerary_export_engine.py,??,unknown_preserved_concurrent_artifact,LIVE-UNCLASSIFIED,unknown_preserved_concurrent,current_checkout_and_repo_instructions,preserve_pending_semantic_classification,git_status_presence_only;not_product_or_release_proof
src/corporate/policy_engine.py,??,unknown_preserved_concurrent_artifact,LIVE-UNCLASSIFIED,unknown_preserved_concurrent,current_checkout_and_repo_instructions,preserve_pending_semantic_classification,git_status_presence_only;not_product_or_release_proof
src/crisis/models.py, M,unknown_preserved_concurrent_artifact,LIVE-UNCLASSIFIED,unknown_preserved_concurrent,current_checkout_and_repo_instructions,preserve_pending_semantic_classification,git_status_presence_only;not_product_or_release_proof
src/decision/group_pareto_engine.py,??,unknown_preserved_concurrent_artifact,LIVE-UNCLASSIFIED,unknown_preserved_concurrent,current_checkout_and_repo_instructions,preserve_pending_semantic_classification,git_status_presence_only;not_product_or_release_proof
src/decision/hybrid_engine.py, M,unknown_preserved_concurrent_artifact,LIVE-UNCLASSIFIED,unknown_preserved_concurrent,current_checkout_and_repo_instructions,preserve_pending_semantic_classification,git_status_presence_only;not_product_or_release_proof
src/distribution/amadeus_sandbox_adapter.py,??,unknown_preserved_concurrent_artifact,LIVE-UNCLASSIFIED,unknown_preserved_concurrent,current_checkout_and_repo_instructions,preserve_pending_semantic_classification,git_status_presence_only;not_product_or_release_proof
src/distribution/sabre_sandbox_adapter.py,??,unknown_preserved_concurrent_artifact,LIVE-UNCLASSIFIED,unknown_preserved_concurrent,current_checkout_and_repo_instructions,preserve_pending_semantic_classification,git_status_presence_only;not_product_or_release_proof
src/distribution/sandbox_models.py,??,unknown_preserved_concurrent_artifact,LIVE-UNCLASSIFIED,unknown_preserved_concurrent,current_checkout_and_repo_instructions,preserve_pending_semantic_classification,git_status_presence_only;not_product_or_release_proof
src/documents/visa_workflow.py,??,unknown_preserved_concurrent_artifact,LIVE-UNCLASSIFIED,unknown_preserved_concurrent,current_checkout_and_repo_instructions,preserve_pending_semantic_classification,git_status_presence_only;not_product_or_release_proof
src/evals/audit/gates.py, M,unknown_preserved_concurrent_artifact,LIVE-UNCLASSIFIED,unknown_preserved_concurrent,current_checkout_and_repo_instructions,preserve_pending_semantic_classification,git_status_presence_only;not_product_or_release_proof
src/evals/audit/manifest.yaml, M,unknown_preserved_concurrent_artifact,LIVE-UNCLASSIFIED,unknown_preserved_concurrent,current_checkout_and_repo_instructions,preserve_pending_semantic_classification,git_status_presence_only;not_product_or_release_proof
src/evals/audit/rules/scenarios.py,??,unknown_preserved_concurrent_artifact,LIVE-UNCLASSIFIED,unknown_preserved_concurrent,current_checkout_and_repo_instructions,preserve_pending_semantic_classification,git_status_presence_only;not_product_or_release_proof
src/evals/audit/snapshot.py, M,unknown_preserved_concurrent_artifact,LIVE-UNCLASSIFIED,unknown_preserved_concurrent,current_checkout_and_repo_instructions,preserve_pending_semantic_classification,git_status_presence_only;not_product_or_release_proof
src/fees/settlement_engine.py,??,unknown_preserved_concurrent_artifact,LIVE-UNCLASSIFIED,unknown_preserved_concurrent,current_checkout_and_repo_instructions,preserve_pending_semantic_classification,git_status_presence_only;not_product_or_release_proof
src/financial/payment_mandates.py,??,unknown_preserved_concurrent_artifact,LIVE-UNCLASSIFIED,unknown_preserved_concurrent,current_checkout_and_repo_instructions,preserve_pending_semantic_classification,git_status_presence_only;not_product_or_release_proof
src/intake/decision.py, M,unknown_preserved_concurrent_artifact,LIVE-UNCLASSIFIED,unknown_preserved_concurrent,current_checkout_and_repo_instructions,preserve_pending_semantic_classification,git_status_presence_only;not_product_or_release_proof
src/intake/epistemic_arbiter.py,??,unknown_preserved_concurrent_artifact,LIVE-UNCLASSIFIED,unknown_preserved_concurrent,current_checkout_and_repo_instructions,preserve_pending_semantic_classification,git_status_presence_only;not_product_or_release_proof
src/intake/extractors.py, M,unknown_preserved_concurrent_artifact,LIVE-UNCLASSIFIED,unknown_preserved_concurrent,current_checkout_and_repo_instructions,preserve_pending_semantic_classification,git_status_presence_only;not_product_or_release_proof
src/intake/mrz_parser_engine.py,??,unknown_preserved_concurrent_artifact,LIVE-UNCLASSIFIED,unknown_preserved_concurrent,current_checkout_and_repo_instructions,preserve_pending_semantic_classification,git_status_presence_only;not_product_or_release_proof
src/intake/validation.py, M,unknown_preserved_concurrent_artifact,LIVE-UNCLASSIFIED,unknown_preserved_concurrent,current_checkout_and_repo_instructions,preserve_pending_semantic_classification,git_status_presence_only;not_product_or_release_proof
src/logistics/accessibility.py,??,unknown_preserved_concurrent_artifact,LIVE-UNCLASSIFIED,unknown_preserved_concurrent,current_checkout_and_repo_instructions,preserve_pending_semantic_classification,git_status_presence_only;not_product_or_release_proof
src/logistics/connection_risk.py,??,unknown_preserved_concurrent_artifact,LIVE-UNCLASSIFIED,unknown_preserved_concurrent,current_checkout_and_repo_instructions,preserve_pending_semantic_classification,git_status_presence_only;not_product_or_release_proof
src/logistics/fleet_allocation.py,??,unknown_preserved_concurrent_artifact,LIVE-UNCLASSIFIED,unknown_preserved_concurrent,current_checkout_and_repo_instructions,preserve_pending_semantic_classification,git_status_presence_only;not_product_or_release_proof
src/logistics/pipeline_bridge.py,??,unknown_preserved_concurrent_artifact,LIVE-UNCLASSIFIED,unknown_preserved_concurrent,current_checkout_and_repo_instructions,preserve_pending_semantic_classification,git_status_presence_only;not_product_or_release_proof
src/logistics/rooming_list.py,??,unknown_preserved_concurrent_artifact,LIVE-UNCLASSIFIED,unknown_preserved_concurrent,current_checkout_and_repo_instructions,preserve_pending_semantic_classification,git_status_presence_only;not_product_or_release_proof
src/logistics/route_geometry.py,??,unknown_preserved_concurrent_artifact,LIVE-UNCLASSIFIED,unknown_preserved_concurrent,current_checkout_and_repo_instructions,preserve_pending_semantic_classification,git_status_presence_only;not_product_or_release_proof
src/logistics/timed_entry.py,??,unknown_preserved_concurrent_artifact,LIVE-UNCLASSIFIED,unknown_preserved_concurrent,current_checkout_and_repo_instructions,preserve_pending_semantic_classification,git_status_presence_only;not_product_or_release_proof
src/monitoring/perishable_sentinel.py,??,unknown_preserved_concurrent_artifact,LIVE-UNCLASSIFIED,unknown_preserved_concurrent,current_checkout_and_repo_instructions,preserve_pending_semantic_classification,git_status_presence_only;not_product_or_release_proof
src/orchestration/agent_lease.py,??,unknown_preserved_concurrent_artifact,LIVE-UNCLASSIFIED,unknown_preserved_concurrent,current_checkout_and_repo_instructions,preserve_pending_semantic_classification,git_status_presence_only;not_product_or_release_proof
src/orchestration/duty_of_care_radar.py,??,unknown_preserved_concurrent_artifact,LIVE-UNCLASSIFIED,unknown_preserved_concurrent,current_checkout_and_repo_instructions,preserve_pending_semantic_classification,git_status_presence_only;not_product_or_release_proof
src/orchestration/irops_healer.py,??,unknown_preserved_concurrent_artifact,LIVE-UNCLASSIFIED,unknown_preserved_concurrent,current_checkout_and_repo_instructions,preserve_pending_semantic_classification,git_status_presence_only;not_product_or_release_proof
src/orchestration/proposal_compiler.py,??,unknown_preserved_concurrent_artifact,LIVE-UNCLASSIFIED,unknown_preserved_concurrent,current_checkout_and_repo_instructions,preserve_pending_semantic_classification,git_status_presence_only;not_product_or_release_proof
src/rag/grounding.py, M,unknown_preserved_concurrent_artifact,LIVE-UNCLASSIFIED,unknown_preserved_concurrent,current_checkout_and_repo_instructions,preserve_pending_semantic_classification,git_status_presence_only;not_product_or_release_proof
src/rag/indexer.py, M,unknown_preserved_concurrent_artifact,LIVE-UNCLASSIFIED,unknown_preserved_concurrent,current_checkout_and_repo_instructions,preserve_pending_semantic_classification,git_status_presence_only;not_product_or_release_proof
src/rag/models.py, M,unknown_preserved_concurrent_artifact,LIVE-UNCLASSIFIED,unknown_preserved_concurrent,current_checkout_and_repo_instructions,preserve_pending_semantic_classification,git_status_presence_only;not_product_or_release_proof
src/rag/retriever.py, M,unknown_preserved_concurrent_artifact,LIVE-UNCLASSIFIED,unknown_preserved_concurrent,current_checkout_and_repo_instructions,preserve_pending_semantic_classification,git_status_presence_only;not_product_or_release_proof
src/rag/store.py, M,unknown_preserved_concurrent_artifact,LIVE-UNCLASSIFIED,unknown_preserved_concurrent,current_checkout_and_repo_instructions,preserve_pending_semantic_classification,git_status_presence_only;not_product_or_release_proof
src/security/retention_enforcer.py,??,unknown_preserved_concurrent_artifact,LIVE-UNCLASSIFIED,unknown_preserved_concurrent,current_checkout_and_repo_instructions,preserve_pending_semantic_classification,git_status_presence_only;not_product_or_release_proof
src/state/mutation_history_stack.py,??,unknown_preserved_concurrent_artifact,LIVE-UNCLASSIFIED,unknown_preserved_concurrent,current_checkout_and_repo_instructions,preserve_pending_semantic_classification,git_status_presence_only;not_product_or_release_proof
src/telephony/ivr_bypass_bot.py,??,unknown_preserved_concurrent_artifact,LIVE-UNCLASSIFIED,unknown_preserved_concurrent,current_checkout_and_repo_instructions,preserve_pending_semantic_classification,git_status_presence_only;not_product_or_release_proof
src/telephony/models.py,??,unknown_preserved_concurrent_artifact,LIVE-UNCLASSIFIED,unknown_preserved_concurrent,current_checkout_and_repo_instructions,preserve_pending_semantic_classification,git_status_presence_only;not_product_or_release_proof
src/yield_arbitrage/models.py,??,unknown_preserved_concurrent_artifact,LIVE-UNCLASSIFIED,unknown_preserved_concurrent,current_checkout_and_repo_instructions,preserve_pending_semantic_classification,git_status_presence_only;not_product_or_release_proof
src/yield_arbitrage/multi_property_benchmark.py,??,unknown_preserved_concurrent_artifact,LIVE-UNCLASSIFIED,unknown_preserved_concurrent,current_checkout_and_repo_instructions,preserve_pending_semantic_classification,git_status_presence_only;not_product_or_release_proof
src/yield_arbitrage/rate_parity_engine.py,??,unknown_preserved_concurrent_artifact,LIVE-UNCLASSIFIED,unknown_preserved_concurrent,current_checkout_and_repo_instructions,preserve_pending_semantic_classification,git_status_presence_only;not_product_or_release_proof
tests/conftest.py, M,unknown_preserved_concurrent_artifact,LIVE-UNCLASSIFIED,unknown_preserved_concurrent,current_checkout_and_repo_instructions,preserve_pending_semantic_classification,git_status_presence_only;not_product_or_release_proof
tests/evals/test_30_scenario_corpus_gate.py,??,unknown_preserved_concurrent_artifact,LIVE-UNCLASSIFIED,unknown_preserved_concurrent,current_checkout_and_repo_instructions,preserve_pending_semantic_classification,git_status_presence_only;not_product_or_release_proof
tests/evals/test_d6_gate_snapshot.py, M,unknown_preserved_concurrent_artifact,LIVE-UNCLASSIFIED,unknown_preserved_concurrent,current_checkout_and_repo_instructions,preserve_pending_semantic_classification,git_status_presence_only;not_product_or_release_proof
tests/evals/test_findings_register.py,??,unknown_preserved_concurrent_artifact,LIVE-UNCLASSIFIED,unknown_preserved_concurrent,current_checkout_and_repo_instructions,preserve_pending_semantic_classification,git_status_presence_only;not_product_or_release_proof
tests/fixtures/server_openapi_paths_snapshot.json, M,unknown_preserved_concurrent_artifact,LIVE-UNCLASSIFIED,unknown_preserved_concurrent,current_checkout_and_repo_instructions,preserve_pending_semantic_classification,git_status_presence_only;not_product_or_release_proof
tests/fixtures/server_route_snapshot.json, M,unknown_preserved_concurrent_artifact,LIVE-UNCLASSIFIED,unknown_preserved_concurrent,current_checkout_and_repo_instructions,preserve_pending_semantic_classification,git_status_presence_only;not_product_or_release_proof
tests/test_agent_runtime_deep.py, M,unknown_preserved_concurrent_artifact,LIVE-UNCLASSIFIED,unknown_preserved_concurrent,current_checkout_and_repo_instructions,preserve_pending_semantic_classification,git_status_presence_only;not_product_or_release_proof
tests/test_audit_trail.py, M,unknown_preserved_concurrent_artifact,LIVE-UNCLASSIFIED,unknown_preserved_concurrent,current_checkout_and_repo_instructions,preserve_pending_semantic_classification,git_status_presence_only;not_product_or_release_proof
tests/test_charter_aviation_engine.py,??,unknown_preserved_concurrent_artifact,LIVE-UNCLASSIFIED,unknown_preserved_concurrent,current_checkout_and_repo_instructions,preserve_pending_semantic_classification,git_status_presence_only;not_product_or_release_proof
tests/test_comprehensive_v02.py, M,unknown_preserved_concurrent_artifact,LIVE-UNCLASSIFIED,unknown_preserved_concurrent,current_checkout_and_repo_instructions,preserve_pending_semantic_classification,git_status_presence_only;not_product_or_release_proof
tests/test_cross_tenant_router_probe.py, M,unknown_preserved_concurrent_artifact,LIVE-UNCLASSIFIED,unknown_preserved_concurrent,current_checkout_and_repo_instructions,preserve_pending_semantic_classification,git_status_presence_only;not_product_or_release_proof
tests/test_customer_memory_agency_partition.py,??,unknown_preserved_concurrent_artifact,LIVE-UNCLASSIFIED,unknown_preserved_concurrent,current_checkout_and_repo_instructions,preserve_pending_semantic_classification,git_status_presence_only;not_product_or_release_proof
tests/test_database_loop_safety.py,??,unknown_preserved_concurrent_artifact,LIVE-UNCLASSIFIED,unknown_preserved_concurrent,current_checkout_and_repo_instructions,preserve_pending_semantic_classification,git_status_presence_only;not_product_or_release_proof
tests/test_decision_policy_conformance.py, M,unknown_preserved_concurrent_artifact,LIVE-UNCLASSIFIED,unknown_preserved_concurrent,current_checkout_and_repo_instructions,preserve_pending_semantic_classification,git_status_presence_only;not_product_or_release_proof
tests/test_deterministic_extraction_traps_suite.py,??,unknown_preserved_concurrent_artifact,LIVE-UNCLASSIFIED,unknown_preserved_concurrent,current_checkout_and_repo_instructions,preserve_pending_semantic_classification,git_status_presence_only;not_product_or_release_proof
tests/test_document_mrz_extraction.py,??,unknown_preserved_concurrent_artifact,LIVE-UNCLASSIFIED,unknown_preserved_concurrent,current_checkout_and_repo_instructions,preserve_pending_semantic_classification,git_status_presence_only;not_product_or_release_proof
tests/test_draft_promote_cross_tenant.py,??,unknown_preserved_concurrent_artifact,LIVE-UNCLASSIFIED,unknown_preserved_concurrent,current_checkout_and_repo_instructions,preserve_pending_semantic_classification,git_status_presence_only;not_product_or_release_proof
tests/test_durable_agent_lease.py,??,unknown_preserved_concurrent_artifact,LIVE-UNCLASSIFIED,unknown_preserved_concurrent,current_checkout_and_repo_instructions,preserve_pending_semantic_classification,git_status_presence_only;not_product_or_release_proof
tests/test_duty_of_care_radar.py,??,unknown_preserved_concurrent_artifact,LIVE-UNCLASSIFIED,unknown_preserved_concurrent,current_checkout_and_repo_instructions,preserve_pending_semantic_classification,git_status_presence_only;not_product_or_release_proof
tests/test_epistemic_provenance_arbiter.py,??,unknown_preserved_concurrent_artifact,LIVE-UNCLASSIFIED,unknown_preserved_concurrent,current_checkout_and_repo_instructions,preserve_pending_semantic_classification,git_status_presence_only;not_product_or_release_proof
tests/test_extraction_and_mandates_suite.py,??,unknown_preserved_concurrent_artifact,LIVE-UNCLASSIFIED,unknown_preserved_concurrent,current_checkout_and_repo_instructions,preserve_pending_semantic_classification,git_status_presence_only;not_product_or_release_proof
tests/test_extraction_fixes.py, M,unknown_preserved_concurrent_artifact,LIVE-UNCLASSIFIED,unknown_preserved_concurrent,current_checkout_and_repo_instructions,preserve_pending_semantic_classification,git_status_presence_only;not_product_or_release_proof
tests/test_extraction_safety_x01_x08.py,??,unknown_preserved_concurrent_artifact,LIVE-UNCLASSIFIED,unknown_preserved_concurrent,current_checkout_and_repo_instructions,preserve_pending_semantic_classification,git_status_presence_only;not_product_or_release_proof
tests/test_financial_settlement_vcc.py,??,unknown_preserved_concurrent_artifact,LIVE-UNCLASSIFIED,unknown_preserved_concurrent,current_checkout_and_repo_instructions,preserve_pending_semantic_classification,git_status_presence_only;not_product_or_release_proof
tests/test_gds_sandbox_adapters.py,??,unknown_preserved_concurrent_artifact,LIVE-UNCLASSIFIED,unknown_preserved_concurrent,current_checkout_and_repo_instructions,preserve_pending_semantic_classification,git_status_presence_only;not_product_or_release_proof
tests/test_group_pareto_consensus.py,??,unknown_preserved_concurrent_artifact,LIVE-UNCLASSIFIED,unknown_preserved_concurrent,current_checkout_and_repo_instructions,preserve_pending_semantic_classification,git_status_presence_only;not_product_or_release_proof
tests/test_health_readiness.py,??,unknown_preserved_concurrent_artifact,LIVE-UNCLASSIFIED,unknown_preserved_concurrent,current_checkout_and_repo_instructions,preserve_pending_semantic_classification,git_status_presence_only;not_product_or_release_proof
tests/test_hybrid_engine.py, M,unknown_preserved_concurrent_artifact,LIVE-UNCLASSIFIED,unknown_preserved_concurrent,current_checkout_and_repo_instructions,preserve_pending_semantic_classification,git_status_presence_only;not_product_or_release_proof
tests/test_idempotency_sql_backend.py,??,unknown_preserved_concurrent_artifact,LIVE-UNCLASSIFIED,unknown_preserved_concurrent,current_checkout_and_repo_instructions,preserve_pending_semantic_classification,git_status_presence_only;not_product_or_release_proof
tests/test_industry_blindspots_expansion.py,??,unknown_preserved_concurrent_artifact,LIVE-UNCLASSIFIED,unknown_preserved_concurrent,current_checkout_and_repo_instructions,preserve_pending_semantic_classification,git_status_presence_only;not_product_or_release_proof
tests/test_intake_idempotency.py,??,unknown_preserved_concurrent_artifact,LIVE-UNCLASSIFIED,unknown_preserved_concurrent,current_checkout_and_repo_instructions,preserve_pending_semantic_classification,git_status_presence_only;not_product_or_release_proof
tests/test_irops_healer_simulator.py,??,unknown_preserved_concurrent_artifact,LIVE-UNCLASSIFIED,unknown_preserved_concurrent,current_checkout_and_repo_instructions,preserve_pending_semantic_classification,git_status_presence_only;not_product_or_release_proof
tests/test_itinerary_export_engine.py,??,unknown_preserved_concurrent_artifact,LIVE-UNCLASSIFIED,unknown_preserved_concurrent,current_checkout_and_repo_instructions,preserve_pending_semantic_classification,git_status_presence_only;not_product_or_release_proof
tests/test_ivr_bypass_bot.py,??,unknown_preserved_concurrent_artifact,LIVE-UNCLASSIFIED,unknown_preserved_concurrent,current_checkout_and_repo_instructions,preserve_pending_semantic_classification,git_status_presence_only;not_product_or_release_proof
tests/test_journey_graph_engine.py,??,unknown_preserved_concurrent_artifact,LIVE-UNCLASSIFIED,unknown_preserved_concurrent,current_checkout_and_repo_instructions,preserve_pending_semantic_classification,git_status_presence_only;not_product_or_release_proof
tests/test_journey_smoke.py,??,unknown_preserved_concurrent_artifact,LIVE-UNCLASSIFIED,unknown_preserved_concurrent,current_checkout_and_repo_instructions,preserve_pending_semantic_classification,git_status_presence_only;not_product_or_release_proof
tests/test_journey_smoke_e2e.py,??,unknown_preserved_concurrent_artifact,LIVE-UNCLASSIFIED,unknown_preserved_concurrent,current_checkout_and_repo_instructions,preserve_pending_semantic_classification,git_status_presence_only;not_product_or_release_proof
tests/test_live_connectors_and_scrapers.py,??,unknown_preserved_concurrent_artifact,LIVE-UNCLASSIFIED,unknown_preserved_concurrent,current_checkout_and_repo_instructions,preserve_pending_semantic_classification,git_status_presence_only;not_product_or_release_proof
tests/test_llm_egress.py, M,unknown_preserved_concurrent_artifact,LIVE-UNCLASSIFIED,unknown_preserved_concurrent,current_checkout_and_repo_instructions,preserve_pending_semantic_classification,git_status_presence_only;not_product_or_release_proof
tests/test_logistics_operations_suite.py,??,unknown_preserved_concurrent_artifact,LIVE-UNCLASSIFIED,unknown_preserved_concurrent,current_checkout_and_repo_instructions,preserve_pending_semantic_classification,git_status_presence_only;not_product_or_release_proof
tests/test_multi_property_yield_benchmark.py,??,unknown_preserved_concurrent_artifact,LIVE-UNCLASSIFIED,unknown_preserved_concurrent,current_checkout_and_repo_instructions,preserve_pending_semantic_classification,git_status_presence_only;not_product_or_release_proof
tests/test_multi_tenant_isolation_harness.py,??,unknown_preserved_concurrent_artifact,LIVE-UNCLASSIFIED,unknown_preserved_concurrent,current_checkout_and_repo_instructions,preserve_pending_semantic_classification,git_status_presence_only;not_product_or_release_proof
tests/test_mutation_history_stack.py,??,unknown_preserved_concurrent_artifact,LIVE-UNCLASSIFIED,unknown_preserved_concurrent,current_checkout_and_repo_instructions,preserve_pending_semantic_classification,git_status_presence_only;not_product_or_release_proof
tests/test_optimistic_sync_merge.py,??,unknown_preserved_concurrent_artifact,LIVE-UNCLASSIFIED,unknown_preserved_concurrent,current_checkout_and_repo_instructions,preserve_pending_semantic_classification,git_status_presence_only;not_product_or_release_proof
tests/test_p1_findings_hardening.py,??,unknown_preserved_concurrent_artifact,LIVE-UNCLASSIFIED,unknown_preserved_concurrent,current_checkout_and_repo_instructions,preserve_pending_semantic_classification,git_status_presence_only;not_product_or_release_proof
tests/test_product_b_analytics_router_behavior.py, M,unknown_preserved_concurrent_artifact,LIVE-UNCLASSIFIED,unknown_preserved_concurrent,current_checkout_and_repo_instructions,preserve_pending_semantic_classification,git_status_presence_only;not_product_or_release_proof
tests/test_product_b_events.py, M,unknown_preserved_concurrent_artifact,LIVE-UNCLASSIFIED,unknown_preserved_concurrent,current_checkout_and_repo_instructions,preserve_pending_semantic_classification,git_status_presence_only;not_product_or_release_proof
tests/test_production_boot.py, M,unknown_preserved_concurrent_artifact,LIVE-UNCLASSIFIED,unknown_preserved_concurrent,current_checkout_and_repo_instructions,preserve_pending_semantic_classification,git_status_presence_only;not_product_or_release_proof
tests/test_proposal_compiler_e2e.py,??,unknown_preserved_concurrent_artifact,LIVE-UNCLASSIFIED,unknown_preserved_concurrent,current_checkout_and_repo_instructions,preserve_pending_semantic_classification,git_status_presence_only;not_product_or_release_proof
tests/test_public_checker_payload_limits.py,??,unknown_preserved_concurrent_artifact,LIVE-UNCLASSIFIED,unknown_preserved_concurrent,current_checkout_and_repo_instructions,preserve_pending_semantic_classification,git_status_presence_only;not_product_or_release_proof
tests/test_public_proposals.py, M,unknown_preserved_concurrent_artifact,LIVE-UNCLASSIFIED,unknown_preserved_concurrent,current_checkout_and_repo_instructions,preserve_pending_semantic_classification,git_status_presence_only;not_product_or_release_proof
tests/test_rag_retrieval_honesty.py,??,unknown_preserved_concurrent_artifact,LIVE-UNCLASSIFIED,unknown_preserved_concurrent,current_checkout_and_repo_instructions,preserve_pending_semantic_classification,git_status_presence_only;not_product_or_release_proof
tests/test_rls_live_postgres.py, M,unknown_preserved_concurrent_artifact,LIVE-UNCLASSIFIED,unknown_preserved_concurrent,current_checkout_and_repo_instructions,preserve_pending_semantic_classification,git_status_presence_only;not_product_or_release_proof
tests/test_route_geometry.py,??,unknown_preserved_concurrent_artifact,LIVE-UNCLASSIFIED,unknown_preserved_concurrent,current_checkout_and_repo_instructions,preserve_pending_semantic_classification,git_status_presence_only;not_product_or_release_proof
tests/test_run_ledger_durability.py,??,unknown_preserved_concurrent_artifact,LIVE-UNCLASSIFIED,unknown_preserved_concurrent,current_checkout_and_repo_instructions,preserve_pending_semantic_classification,git_status_presence_only;not_product_or_release_proof
tests/test_sandbox_provider_adapters.py,??,unknown_preserved_concurrent_artifact,LIVE-UNCLASSIFIED,unknown_preserved_concurrent,current_checkout_and_repo_instructions,preserve_pending_semantic_classification,git_status_presence_only;not_product_or_release_proof
tests/test_startup_assertions.py, M,unknown_preserved_concurrent_artifact,LIVE-UNCLASSIFIED,unknown_preserved_concurrent,current_checkout_and_repo_instructions,preserve_pending_semantic_classification,git_status_presence_only;not_product_or_release_proof
tests/test_stress_benchmark.py,??,unknown_preserved_concurrent_artifact,LIVE-UNCLASSIFIED,unknown_preserved_concurrent,current_checkout_and_repo_instructions,preserve_pending_semantic_classification,git_status_presence_only;not_product_or_release_proof
tests/test_tax_compliance_sourcing.py, M,unknown_preserved_concurrent_artifact,LIVE-UNCLASSIFIED,unknown_preserved_concurrent,current_checkout_and_repo_instructions,preserve_pending_semantic_classification,git_status_presence_only;not_product_or_release_proof
tests/test_trip_status_machine.py,??,unknown_preserved_concurrent_artifact,LIVE-UNCLASSIFIED,unknown_preserved_concurrent,current_checkout_and_repo_instructions,preserve_pending_semantic_classification,git_status_presence_only;not_product_or_release_proof
tests/test_trip_store_sql_coverage.py, M,unknown_preserved_concurrent_artifact,LIVE-UNCLASSIFIED,unknown_preserved_concurrent,current_checkout_and_repo_instructions,preserve_pending_semantic_classification,git_status_presence_only;not_product_or_release_proof
tests/test_trust_scorecard_honesty.py, M,unknown_preserved_concurrent_artifact,LIVE-UNCLASSIFIED,unknown_preserved_concurrent,current_checkout_and_repo_instructions,preserve_pending_semantic_classification,git_status_presence_only;not_product_or_release_proof
tests/test_trust_scorecard_router.py, M,unknown_preserved_concurrent_artifact,LIVE-UNCLASSIFIED,unknown_preserved_concurrent,current_checkout_and_repo_instructions,preserve_pending_semantic_classification,git_status_presence_only;not_product_or_release_proof
tests/test_yield_arbitrage_engine.py,??,unknown_preserved_concurrent_artifact,LIVE-UNCLASSIFIED,unknown_preserved_concurrent,current_checkout_and_repo_instructions,preserve_pending_semantic_classification,git_status_presence_only;not_product_or_release_proof
tools/README.md, M,unknown_preserved_concurrent_artifact,LIVE-UNCLASSIFIED,unknown_preserved_concurrent,current_checkout_and_repo_instructions,preserve_pending_semantic_classification,git_status_presence_only;not_product_or_release_proof
tools/check_worktree_classification.py,??,unknown_preserved_concurrent_artifact,LIVE-UNCLASSIFIED,unknown_preserved_concurrent,current_checkout_and_repo_instructions,preserve_pending_semantic_classification,git_status_presence_only;not_product_or_release_proof
